locality_stat,Ages.65LiveAlone65_pcnt,Ages65.LiveInstM_pcnt,LaborForce.LaborForceY_pcnt,LaborForce.Wrk2008Y_pcnt,disabilities.hear5_pcnt,disabilities.see5_pcnt,disabilities.remember5_pcnt,disabilities.dress5_pcnt,disabilities.walk5_pcnt,durable_goods.Vehicle1up_pcnt,durable_goods.Vehicle2up_pcnt,households.hh0_17_pcnt,households.hh65_pcnt,households.size_avg,households.size1_pcnt,households.size2_pcnt,households.size3_pcnt,households.size4_pcnt,households.size5_pcnt,households.size6_pcnt,households.size7up_pcnt,households.size7up_pcnt.1,households.hh0_17_1_pcnt,households.hh0_17_2_pcnt,households.hh0_17_3_pcnt,households.hh0_17_4_pcnt,households.hh0_17_5_pcnt,demog_yishuv.age_0_14,demog_yishuv.age_15_19,demog_yishuv.age_20_29,demog_yishuv.age_30_64,demog_yishuv.age_65_up,income.medianWage,income.q1,income.q2,income.q3,income.q4,income.q5,income.q6,income.q7,income.q8,income.q9,income.q10,YISHUV,USAGE,METRO_ZONEcomm31,comm31,comm34,comm99
30000112,0,0,56.5,86.65,1.4,0.7,3.3,1.5,1.5,43.9,8.9,60.3,18.3,4.1,9.5,29.7,14.4,14.4,9.5,11.1,29.7,,44.1,15.1,5.4,13.3,22.2,761,286,440,703,174,61800,22.82282282,13.91391391,13.41341341,12.81281281,11.31131131,8.508508509,4.404404404,5.805805806,5.605605606,1.401401401,ירושלים,1,31,,,0.07
30000114,0,0,50.8,91.95,1.1,2.4,2.1,2.9,5.2,32.3,4.5,65.9,65.9,4.8,18.7,16.3,16.3,7.5,8.5,16.3,18.7,,17.4,10,14.3,10.9,47.3,2473,341,447,1155,271,77900,15.41541542,11.01101101,13.01301301,16.01601602,12.21221221,10.31031031,9.209209209,7.107107107,5.105105105,0.600600601,ירושלים,1,31,,,0.023
30000116,0,0,62.5,87.15,1.1,1.1,1.7,1.3,3.2,41,7.1,69.9,14.9,4.3,15.3,11.6,15.3,14.9,15.3,11.6,18.9,,17.4,22.1,20.5,13.4,26.6,1713,141,493,911,131,72300,12.58741259,15.38461538,19.58041958,10.78921079,11.88811189,14.28571429,7.992007992,5.594405594,1.498501499,0.3996004,ירושלים,1,31,,,0.08
30000211,0,0,68,90.15,1.9,2.7,4.3,5.1,6.5,75.1,23,42.5,30.8,3.1,21,21,13.4,13.4,16.5,16.5,3.7,,30,33.4,19.2,11.1,6.3,1643,415,777,2100,876,104900,6.6,13.2,9.1,11,9.9,10.2,14.7,11.4,9.8,4.1,ירושלים,1,31,,,0.131
30000212,0,0,66.7,89.45,1.7,3.4,5.2,4.3,6.9,70.6,22.1,43.3,30,3.2,18.2,18.2,13.9,15.5,15.5,4.2,5.9,,24.8,27.4,30.5,7.1,10.2,1132,233,498,1315,546,102900,9.1,9.2,12.2,8.2,12.5,15.3,11,11.1,6.8,4.6,ירושלים,1,31,,,0.126
30000213,0,0,66.4,90.3,3.7,3.3,1.9,2.7,6.6,64.4,18.2,34.3,35,2.8,29.2,29.2,12.8,11,8.4,5,4.7,,33,24.9,19,15.5,7.7,1332,276,757,1708,892,98500,10.4,9.6,12.9,8.4,13,10.5,12.1,10.1,9.1,3.9,ירושלים,1,31,,,0.107
30000214,0,0,65.7,93.45,1.5,2.3,3.4,3.9,8,62.4,13.6,43.2,27.2,2.9,20.7,20.7,32.8,16.7,8,16.7,20.7,,32.9,36.9,18.2,6.9,5.1,514,131,300,621,237,79800,9.1,10.4,13.4,18.2,11.2,13.4,11.1,7.5,4,1.7,ירושלים,1,31,,,0.179
30000215,0,0,62.5,87.3,3.1,2,2.2,1.7,3.4,67.7,24.9,40.9,31.4,3.2,15.2,15.2,36.5,14.6,15.2,36.5,8.8,,28.9,27.1,16.3,11.3,16.4,1588,365,789,1732,664,95800,7.8,13.9,10.3,12.5,11.2,10.6,10.5,9.9,5.7,7.6,ירושלים,1,31,,,0.176
30000222,0,0,69.8,84.65,1.9,1.1,1.3,2,2.6,76.6,34.4,38.1,27.4,3.1,16.1,32,32,12.3,11.3,16.1,4.7,,35.6,26.6,20,10,7.8,986,293,605,1730,741,112200,10.4,8.8,9.2,9.2,8.4,9.9,11.1,11,13.4,8.6,ירושלים,1,31,,,0.158
30000223,0,0,73.5,89.7,0.9,1.6,1.8,2,5.2,81,41.7,41.9,21.9,3.3,16.5,25.5,15.5,16.3,16.5,16.5,7.7,,34.6,28.9,16.2,13.7,6.6,1196,422,1134,1986,513,103400,11.2,12,8.5,10.3,8.7,8.3,9.9,10.2,10.9,10,ירושלים,1,31,,,0.166
30000224,0,0,69.5,91.05,2,1.6,3.6,3.2,5.7,74.4,27.5,37.1,33.5,2.9,26.9,26.9,16.1,24.8,11.2,26.9,2.9,,30.1,27.8,23.8,12.7,5.5,731,236,416,1123,431,115200,6.4,9.9,7.2,6.6,13.3,13.8,9.7,11.5,16.7,4.9,ירושלים,1,31,,,0.133
30000225,0,0,65.4,90.85,1.6,1.6,4.4,1.5,4.9,73.8,24,37.7,34.2,3,21.1,21.1,12.5,16.8,29.5,16.8,4.2,,28.8,36,20.3,9.5,5.4,817,294,471,1535,727,100200,8.391608392,9.99000999,9.89010989,11.68831169,13.78621379,7.492507493,9.89010989,11.88811189,10.48951049,6.493506494,ירושלים,1,31,,,0.141
30000321,0,0,63.2,85.6,1.5,1,2,1.3,5,74,21.2,54.5,26.6,3.7,20.8,20.8,23.7,12.1,14.4,6.9,23.7,,18.6,21.8,21.3,16.5,21.8,1302,252,288,958,274,97000,14.2,10.6,9,10.6,11.4,9.9,10.2,11.9,5.9,6.3,ירושלים,1,31,,,0.153
30000323,0,0,59.3,80.7,1.7,1.5,1.2,0.1,1.7,75.5,29.7,42.1,37.2,3.3,16.1,32.6,32.6,8.8,7.1,16.1,17.3,,32.1,21.4,18.5,13.3,14.7,981,300,487,925,603,85900,19.8,11.6,10,7.9,5.9,8.3,6.8,8.2,11.2,10.3,ירושלים,1,31,,,0.134
30000324,0,0,59.3,80.7,1.7,1.5,1.2,0.1,1.7,75.5,29.7,42.1,37.2,3.3,16.1,32.6,32.6,8.8,7.1,16.1,17.3,,32.1,21.4,18.5,13.3,14.7,,,,,,85900,19.8,11.6,10,7.9,5.9,8.3,6.8,8.2,11.2,10.3,ירושלים,1,31,,,0.134
30000411,0,0,58.8,88,1.2,0.9,3.7,2.1,3.6,69.6,20.1,59.5,21.3,4.4,11.9,22.4,12.3,22.4,10,9.9,8.7,,14.9,18.1,15.4,17.6,34.1,2306,510,569,1490,376,82300,13.7,11.2,13.7,12.2,11.8,10,8,6.9,7.9,4.6,ירושלים,1,31,,,0.119
30000413,0,0,71.5,88.05,1,1.1,2.2,0.6,1.4,83.9,34.7,76.4,9,4.7,8.4,12.1,10.1,8.4,14.7,16.8,14.7,,10.4,24.6,21.6,23.7,19.8,1707,334,360,1095,108,120000,8.9,7.9,10.2,8.1,10.1,7.2,10.6,15,14.6,7.4,ירושלים,1,31,,,0.126
30000522,0,0,42.4,88.9,1.4,0.3,1.9,1.7,1.7,47.1,6.8,68.9,19.6,5,9.8,18.7,9.4,9.4,9.7,11.7,18.7,,16.1,14.1,13.3,13.5,43,2291,879,1369,1542,313,88500,20.5,7.7,12.9,5.7,8.8,8.5,13.8,7.2,9,5.9,ירושלים,1,31,,,0.131
30000532,0,0,55,90.8,0.4,0.6,2.1,1.9,3.1,31.5,2.5,62.2,7.8,4.5,11.2,11.2,23,8.4,10.4,10.2,24.5,,20.1,14.1,14.3,19.3,32.2,2348,537,783,1484,189,57400,18.98101898,18.88111888,19.08091908,12.18781219,11.88811189,5.594405594,5.794205794,5.194805195,2.097902098,0.2997003,ירושלים,1,31,,,0.098
30000541,0,0,61.8,86.15,0.8,1.3,1.9,1.5,4.6,70.3,21,39.9,32.9,2.8,25.7,25.7,30.2,14.9,25.7,4.4,25.7,,33.2,30.2,19.1,10.8,6.6,1281,354,714,1587,707,114300,9.5,7.5,9.4,8.5,7.5,12,8.7,11.9,11.6,13.4,ירושלים,1,31,,,0.137
30000542,0,0,63,93.45,0.3,3.2,0.5,1,3.6,61.6,19.5,39.1,18.1,3,18.8,30.8,30.8,14.2,15.1,4.4,4.9,,31,40.7,14.7,8.3,5.3,715,702,2424,982,325,64500,28.4,15.2,5.8,7.9,8.5,3.1,5,9.8,7.8,8.5,ירושלים,1,31,,,0.219
30000543,0,0,63,93.45,0.3,3.2,0.5,1,3.6,61.6,19.5,39.1,18.1,3,18.8,30.8,30.8,14.2,15.1,4.4,4.9,,31,40.7,14.7,8.3,5.3,,,,,,64500,28.4,15.2,5.8,7.9,8.5,3.1,5,9.8,7.8,8.5,ירושלים,1,31,,,0.219
30000611,0,0,52.8,85.9,0.2,0.1,0.5,1.1,1.3,49.5,9.5,66.4,12,4.6,4.7,18.7,17,4.7,11.5,13.6,4.7,,21,19.8,18.7,15.7,24.8,3510,907,1254,2237,392,82100,15.3,11.5,9.3,14.7,10.7,12,9.7,10.1,3.5,3.2,ירושלים,1,31,,,0.107
30000612,0,0,47.8,89.35,0.3,1.5,2.2,2.1,4.3,51.3,5.7,70.2,13.6,4.9,3.1,15.7,3.1,15.6,15.7,16.5,15.7,,24.2,18.2,15.4,15.1,27.1,2063,778,909,1696,314,79900,17.7,10.5,13.8,11.2,10.4,9.7,11.3,6.8,6.3,2.3,ירושלים,1,31,,,0.116
30000613,0,0,54.8,91.25,0.5,1.5,2.7,1.7,2.4,55.2,17.6,56.3,16.9,4.1,13.3,19.9,13.3,16,6.3,16,17,,28.6,22,13.5,17.4,18.5,1570,604,1065,1232,329,69500,15.98401598,17.38261738,13.88611389,12.38761239,10.08991009,9.290709291,6.893106893,6.993006993,4.195804196,2.897102897,ירושלים,1,31,,,0.106
30000713,0,0,48.9,91.5,2.3,2,1.8,3.2,2.6,18.2,0.6,64.4,20,4.4,7.5,24,16.6,24,7.5,16.6,7.5,,24.7,15.2,16,13.9,30.3,2988,723,1124,1442,486,54700,19.18081918,21.57842158,17.28271728,11.58841159,12.58741259,5.794205794,4.795204795,3.096903097,3.296703297,0.799200799,ירושלים,1,31,,,0.112
30000721,0,0,41,86.55,0.1,2.1,3.5,2.5,3.1,17.7,4.4,59.2,16.2,4.4,16.2,16.2,10.5,11.6,10.5,16.2,18.7,,18.5,16.1,19.4,16,30,2465,673,1340,1302,338,47800,25.2,22.8,19.2,8.2,5.4,6.7,4.7,5,2.4,0.4,ירושלים,1,31,,,0.06
30000722,0,0,42.7,89.6,2.7,3.1,5.1,2,4.7,20.9,3.6,47.3,17.5,3.7,29,29,16.5,8.3,15.2,16.5,7.3,,24.3,13.8,10.1,20.5,31.2,1777,305,595,1052,245,42400,27.17282717,25.47452547,9.89010989,12.98701299,5.494505495,7.792207792,5.994005994,3.796203796,0.699300699,0.699300699,ירושלים,1,31,,,0.041
30000811,0,0,49.5,88.45,1.8,2.9,2.2,3.8,5.5,25.4,3.7,50.3,20.9,3.8,15.6,28.3,28.3,10.7,15.6,15.6,10.7,,22.5,21.4,13,13.7,29.3,,,,,,58800,17.61761762,18.41841842,21.62162162,11.21121121,9.80980981,7.607607608,5.905905906,3.803803804,3.203203203,0.800800801,ירושלים,1,31,,,0.11
30000814,0,0,49.5,88.45,1.8,2.9,2.2,3.8,5.5,25.4,3.7,50.3,20.9,3.8,15.6,28.3,28.3,10.7,15.6,15.6,10.7,,22.5,21.4,13,13.7,29.3,1965,528,1071,1363,499,58800,17.61761762,18.41841842,21.62162162,11.21121121,9.80980981,7.607607608,5.905905906,3.803803804,3.203203203,0.800800801,ירושלים,1,31,,,0.11
30001011,0,0,68.8,88.7,1.2,3.1,2.9,3.2,7,66.3,21.6,30.3,30.6,2.4,32.1,32.1,32.1,34,7.2,2.4,11.7,,42.4,33.4,17.1,5.5,1.5,865,267,722,1789,719,124300,10.8,8.6,7.8,7.6,8.1,8.8,10.6,11.2,11.1,15.4,ירושלים,1,31,,,0.207
30001012,0,0,57.5,84.6,3.1,1.6,3.6,3.5,4.8,75.8,30,30.1,45.8,2.6,26.8,26.8,34.2,34.2,9.6,26.8,1.1,,34,39.3,19.4,6.1,1.1,1035,482,967,2158,1768,154600,9.5,9.8,5.2,5.1,5,5.3,12.9,10.9,15.9,20.4,ירושלים,1,31,,,0.178
30001013,0,0,73.8,83.7,1.8,2,1.4,3.3,4.2,84.1,32.8,37.7,29.5,2.8,19.8,35.7,35.7,16.5,35.7,10.6,35.7,,29.5,41.5,22.2,4,2.8,879,303,526,1553,568,155900,7.185628743,5.888223553,8.982035928,8.682634731,6.18762475,3.892215569,9.580838323,16.46706587,12.8742515,20.25948104,ירושלים,1,31,,,0.133
30001014,0,0,65.4,84.8,1.1,3.6,1.6,3.9,5.9,80.2,25.8,34.1,32.8,2.6,25.7,25.7,35,14.7,25.7,9.6,25.7,,42,33.6,18.1,3.6,2.7,641,228,519,1195,521,143000,12.08791209,3.996003996,6.993006993,8.591408591,8.091908092,7.392607393,7.492507493,9.69030969,14.18581419,21.47852148,ירושלים,1,31,,,0.163
30001021,0,0,62.1,72.85,3.6,3.2,5.3,5.7,7.9,56.2,17.5,27.8,38.9,2.5,34.7,30.7,34.7,34.7,4.2,12.6,34.7,,32.2,39.5,11.4,10.4,6.4,,,,,,101900,6.606606607,14.71471471,10.51051051,7.507507508,11.21121121,13.11311311,7.107107107,8.608608609,7.507507508,13.11311311,ירושלים,1,31,,,0.194
30001022,0,0,62.5,81.15,2,2,1.5,3.1,4.5,76,31.7,35.4,38.5,2.8,19.4,33.9,33.9,19.4,16.5,16.5,1.3,,31.6,42.4,21.6,1.6,2.9,540,217,606,873,438,153500,9.109109109,8.508508509,2.902902903,4.604604605,8.808808809,7.207207207,11.61161161,4.804804805,16.81681682,25.62562563,ירושלים,1,31,,,0.095
30001023,0,0,62.5,81.15,2,2,1.5,3.1,4.5,76,31.7,35.4,38.5,2.8,19.4,33.9,33.9,19.4,16.5,16.5,1.3,,31.6,42.4,21.6,1.6,2.9,,,,,,153500,9.109109109,8.508508509,2.902902903,4.604604605,8.808808809,7.207207207,11.61161161,4.804804805,16.81681682,25.62562563,ירושלים,1,31,,,0.095
30001024,0,0,62.5,81.15,2,2,1.5,3.1,4.5,76,31.7,35.4,38.5,2.8,19.4,33.9,33.9,19.4,16.5,16.5,1.3,,31.6,42.4,21.6,1.6,2.9,,,,,,153500,9.109109109,8.508508509,2.902902903,4.604604605,8.808808809,7.207207207,11.61161161,4.804804805,16.81681682,25.62562563,ירושלים,1,31,,,0.095
30001025,0,0,62.1,72.85,3.6,3.2,5.3,5.7,7.9,56.2,17.5,27.8,38.9,2.5,34.7,30.7,34.7,34.7,4.2,12.6,34.7,,32.2,39.5,11.4,10.4,6.4,428,125,390,705,600,101900,6.606606607,14.71471471,10.51051051,7.507507508,11.21121121,13.11311311,7.107107107,8.608608609,7.507507508,13.11311311,ירושלים,1,31,,,0.194
30001026,0,0,62.1,72.85,3.6,3.2,5.3,5.7,7.9,56.2,17.5,27.8,38.9,2.5,34.7,30.7,34.7,34.7,4.2,12.6,34.7,,32.2,39.5,11.4,10.4,6.4,,,,,,101900,6.606606607,14.71471471,10.51051051,7.507507508,11.21121121,13.11311311,7.107107107,8.608608609,7.507507508,13.11311311,ירושלים,1,31,,,0.194
30001031,0,0,53.2,93,1.1,2.3,3.8,4.4,5.6,50.9,6.2,40.6,32.7,3.5,25.4,25.4,23.8,25.4,25.4,7,7,,15,15.2,18.2,15.3,36.3,1171,474,594,868,471,86800,14.48551449,17.78221778,7.592407592,9.390609391,7.992007992,9.79020979,7.792207792,9.090909091,10.58941059,5.494505495,ירושלים,1,31,,,0.116
30001032,0,0,67.8,86.85,1.2,0.5,0.6,0.6,1,65.5,9.4,44.1,19.4,3.5,25.8,25.8,13.5,13,25.8,9.1,7.2,,21.1,22,14,17.8,25.2,706,197,371,682,182,118200,9.3,7.5,10.7,12.2,8,7,14,10.7,11.4,9.2,ירושלים,1,31,,,0.132
30001033,0,0,62.1,88.9,2.1,3.2,3.2,2.6,4.4,51.9,10,43.7,25.4,3.1,28.4,28.4,13.2,28.4,25.6,25.6,6.7,,30.2,18,17.5,14.2,20.1,1238,274,574,1098,404,87800,16.51651652,10.91091091,10.71071071,8.108108108,8.408408408,10.31031031,9.109109109,10.61061061,7.207207207,8.108108108,ירושלים,1,31,,,0.141
30001114,0,0,65.7,78.2,2,1.2,2.4,2.6,3.7,80.5,36.1,37.1,32.8,2.8,27.1,27.1,9.5,29.4,9.5,5.9,27.1,,29.2,30.9,22.4,9.4,8.1,,,,,,102500,8.591408591,12.88711289,9.190809191,7.992007992,14.18581419,6.593406593,7.292707293,11.78821179,11.08891109,10.38961039,ירושלים,1,31,,,0.157
30001115,0,0,65.7,78.2,2,1.2,2.4,2.6,3.7,80.5,36.1,37.1,32.8,2.8,27.1,27.1,9.5,29.4,9.5,5.9,27.1,,29.2,30.9,22.4,9.4,8.1,559,178,246,931,458,102500,8.591408591,12.88711289,9.190809191,7.992007992,14.18581419,6.593406593,7.292707293,11.78821179,11.08891109,10.38961039,ירושלים,1,31,,,0.157
30001116,0,0,65.7,78.2,2,1.2,2.4,2.6,3.7,80.5,36.1,37.1,32.8,2.8,27.1,27.1,9.5,29.4,9.5,5.9,27.1,,29.2,30.9,22.4,9.4,8.1,,,,,,102500,8.591408591,12.88711289,9.190809191,7.992007992,14.18581419,6.593406593,7.292707293,11.78821179,11.08891109,10.38961039,ירושלים,1,31,,,0.157
30001121,0,0,61.2,90.8,1.4,3.4,6.6,4.7,9.3,56,19.9,32.3,35.4,2.6,28.4,28.4,32.2,28.4,10.1,1.8,11.7,,31.1,32,26,5.7,5.2,703,292,523,914,602,107400,12.6252505,11.02204409,9.919839679,9.218436874,7.214428858,11.82364729,6.713426854,10.02004008,10.02004008,11.42284569,ירושלים,1,31,,,0.122
30001123,0,0,63.3,82.9,2.5,0.7,2.2,2.5,4.6,73,38,50.5,26.4,4.4,23.1,23.1,23.1,6.5,6.5,6.5,7.7,,14.4,11,8.6,14.9,51.1,757,170,191,589,229,103100,11.8,12,5.1,11.4,11.3,14.6,6.1,9.5,11.3,6.9,ירושלים,1,31,,,0.078
30001124,0,0,59,86.6,1.4,3,2.6,2.8,5.6,64.5,13.9,51.4,27.5,3.6,24.3,24.3,24.3,24.3,8.7,4.7,8.7,,22.4,17.9,17.3,9.7,32.8,1569,277,346,1192,396,105600,8.508508509,10.71071071,8.208208208,11.91191191,9.80980981,12.51251251,12.01201201,9.70970971,10.31031031,6.306306306,ירושלים,1,31,,,0.103
30001125,0,0,61.7,73.25,1.1,2.1,1.3,1.6,1.8,77.4,26.2,39.8,35.8,3.2,17.3,33.9,17.3,12.6,5,16.1,17.3,,33.7,24.8,12.5,8.3,20.7,237,118,110,255,149,85400,9.1,16.6,8.7,11.7,8.3,6.6,8.8,8.5,11.7,10,ירושלים,1,31,,,0.271
30001131,0,0,67,90.6,3.2,4.1,6.3,5.8,8,64.8,15,35.8,29.2,2.5,37.7,22.4,37.7,22.4,6.1,16,37.7,,36.5,31.3,19,8,5.2,847,185,798,1214,683,98000,10.48951049,8.991008991,9.490509491,11.98801199,12.68731269,7.292707293,8.991008991,14.48551449,10.88911089,4.695304695,ירושלים,1,31,,,0.081
30001142,0,0,66,90.85,4.3,3.7,6.8,6.9,9.6,60.3,13.5,35,36.2,3,30.4,23.1,30.4,30.4,13.5,5.6,11.7,,23.8,22.1,22.4,13.5,18.1,718,170,261,971,446,91700,8.6,10.3,11.2,14.8,11.4,9.5,8.5,9.3,11.2,5.2,ירושלים,1,31,,,0.08
30001151,0,0,66.8,79.7,1.3,0.6,1.6,1.8,3.4,86.2,44.4,23,45.1,2.5,29.2,29.2,34.6,34.6,7.8,34.6,7.8,,34.4,29.3,19.1,14,3.1,,,,,,126100,7.907907908,9.50950951,6.606606607,11.61161161,8.608608609,6.206206206,11.41141141,10.11011011,11.11111111,16.91691692,ירושלים,1,31,,,0.123
30001152,0,0,66.8,79.7,1.3,0.6,1.6,1.8,3.4,86.2,44.4,23,45.1,2.5,29.2,29.2,34.6,34.6,7.8,34.6,7.8,,34.4,29.3,19.1,14,3.1,652,282,541,1433,987,126100,7.907907908,9.50950951,6.606606607,11.61161161,8.608608609,6.206206206,11.41141141,10.11011011,11.11111111,16.91691692,ירושלים,1,31,,,0.123
30001154,0,0,68.4,87.5,1.4,0.9,1.9,1.4,3.1,86.2,48.8,39.9,31.8,3.1,17.9,27.5,15.6,17.4,27.5,15.6,17.9,,35.5,25.9,26.1,10.4,2.2,741,434,648,1441,579,155400,7.9,7.2,8,4.2,5.4,8.5,10,12.2,19.3,17.3,ירושלים,1,31,,,0.123
30001214,0,0,63.1,84.2,0.7,1.8,1.7,2.4,4.9,75.1,26.4,34.8,34.2,2.8,30.4,26.9,30.4,30.4,8.9,26.9,3.5,,25.5,24.5,25.9,16.5,7.5,823,262,433,1171,537,105900,13.7,6.7,9.1,9.4,10.7,10.1,9.9,8.4,11.8,10.2,ירושלים,1,31,,,0.152
30001215,0,0,71,86.25,2.8,1.9,3.9,3,5.4,70.4,15.3,41.4,31.2,3,25.5,25.5,15.3,24.4,25.5,7,11.7,,33.7,21.3,23.3,13.4,8.2,1325,342,633,1771,813,94500,12.3,9.7,10.2,9.5,13.6,9.6,9.7,12.1,8.3,5,ירושלים,1,31,,,0.099
30001216,0,0,70,87.8,0.2,1.4,3.1,2.2,3.8,69.5,23.2,38,31,2.7,31.2,31.2,31.2,25.4,25.4,10.6,1.2,,26.2,33.6,21.8,16.8,1.6,1254,272,432,1752,705,115700,7.492507493,8.091908092,8.291708292,8.491508492,11.28871129,12.28771229,11.88811189,9.89010989,9.490509491,12.78721279,ירושלים,1,31,,,0.142
30001221,0,0,61.1,89.65,1.7,2.9,1.9,3,3.8,67.7,16,43.4,29.5,3.2,22.8,22.8,11.3,10.8,9.7,7.7,9.7,,19.2,23.2,23,18.8,15.8,2203,981,1463,1778,774,113600,14.68531469,6.793206793,6.493506494,7.792207792,11.28871129,8.591408591,10.18981019,12.98701299,11.38861139,9.79020979,ירושלים,1,31,,,0.107
30001222,0,0,69.5,85.55,1.5,0.7,2.1,2.4,3.5,77.4,27.5,26.2,33.7,2.5,29.9,29.9,39,6.4,6.5,10.6,2.3,,27.7,28.8,21.6,15.5,6.4,1007,288,834,1732,1172,120600,11.4,6.3,8.4,8.3,8.8,9.6,7.1,11.4,13.3,15.4,ירושלים,1,31,,,0.179
30001223,0,0,67.8,82.75,1.9,2.5,1.2,1.7,4.3,73.5,20.9,23.3,32.5,2.3,37.4,33.4,37.4,37.4,6.6,6.6,37.4,,34.1,27.2,22.9,11.5,4.4,719,170,715,1382,723,116300,12.7254509,11.82364729,9.118236473,7.715430862,5.110220441,9.018036072,7.715430862,11.32264529,12.9258517,12.5250501,ירושלים,1,31,,,0.141
30001311,0,0,67.8,83.65,2.7,0.9,2.6,1.4,3.5,69.4,24,24.8,39.3,2.5,25.6,25.6,15.2,40.6,25.6,25.6,3.7,,41.1,23.9,21.5,7.4,6.2,447,121,434,876,614,103400,13.3,5.2,8.8,12.6,11.6,6.1,7.9,8.8,14.4,11.3,ירושלים,1,31,,,0.153
30001312,0,0,56.9,77.9,1.9,1.5,3.7,3.6,4.9,63.8,17.3,24.9,38.8,2.4,32.9,32.9,32.9,5.6,5.6,5.6,3.2,,31.3,21.2,29.5,12.8,5.3,682,165,496,1235,898,102700,11.9,10.3,10.9,8,8.9,6.8,8.2,9.6,11.8,13.6,ירושלים,1,31,,,0.156
30001313,0,0,66,84.8,1.6,3,3.2,2.7,3.8,60.2,11.6,21.4,42.8,2.1,40.6,36.1,36.1,40.6,7.3,40.6,7.3,,44.9,26.1,21.9,3.2,3.9,289,155,302,610,460,103200,10.98901099,13.28671329,6.693306693,9.79020979,9.89010989,12.68731269,7.092907093,10.48951049,9.79020979,9.290709291,ירושלים,1,31,,,0.125
30001314,0,0,60.9,78.25,2.8,2.2,1,3.1,6.3,71.8,21.8,22.7,45.6,2.5,23.9,23.9,23.9,43,9,11.6,7.3,,30.7,26.2,22.8,13.6,6.7,462,182,422,907,718,92400,12.78721279,9.390609391,10.18981019,13.68631369,7.492507493,11.48851149,6.893106893,8.691308691,7.592407592,11.78821179,ירושלים,1,31,,,0.148
30001315,0,0,66.1,89,0.3,2.4,2.1,2.2,4.1,70.4,15.9,32.4,28.9,2.6,30,32.2,30,11.3,5.5,3.9,3.9,,36.3,27.3,15.8,12,8.6,938,276,586,1475,693,111600,8.982035928,11.27744511,10.17964072,7.684630739,9.181636727,8.283433134,8.78243513,13.87225549,12.6746507,9.081836327,ירושלים,1,31,,,0.165
30001321,0,0,55.5,88.45,1.8,2.9,4.2,2.8,4.1,60.8,14.6,18.1,39.7,2.1,40.4,38.1,38.1,40.4,5.7,1.3,5.7,,40.2,29.4,13.3,8.9,8.1,469,95,583,835,623,79300,19.7,12.6,12,6.4,7.1,9,8,5.9,9.8,9.5,ירושלים,1,31,,,0.156
30001322,0,0,68.9,76.3,1.6,0,3.4,1.6,2.8,67.7,11.8,16,28.9,2,45.3,35.3,45.3,45.3,45.3,8.6,1.5,,31.3,22,25.7,16.1,4.9,271,32,359,501,271,81600,14.8,15.1,12.6,12.3,7.7,9.8,6.9,9.4,5.5,5.9,ירושלים,1,31,,,0.196
30001331,0,0,53,78.2,3.5,2.4,4.1,5.4,6.3,68.7,14.6,23.6,48.4,2.4,29.8,29.8,37.9,9.5,12.5,3.2,37.9,,31,28.2,24.7,10.7,5.4,333,94,182,580,699,127300,11.1,7.6,4.3,10.9,7.8,8.8,11.4,15.7,11.9,10.5,ירושלים,1,31,,,0.189
30001333,0,0,62.8,77.2,1.7,3.6,1.5,1.9,5.9,64.4,18.5,28.3,41.3,2.5,34.4,29.3,34.4,34.4,12.5,4,1.3,,26.5,34.3,26.8,9,3.4,420,139,355,706,594,100400,15.18481518,13.88611389,6.393606394,6.893106893,11.48851149,5.994005994,4.595404595,6.293706294,14.78521479,14.48551449,ירושלים,1,31,,,0.09
30001334,0,0,52,82.45,1.7,2.5,3.1,2.2,5.2,74.9,19,40,29.3,3.2,21.1,21.1,31.1,12.2,7.6,7.6,7.6,,26.8,29.3,23.7,14.6,5.5,1192,445,1004,1701,830,118400,11.01101101,7.607607608,10.61061061,10.21021021,5.805805806,10.51051051,14.61461461,8.808808809,8.508508509,12.31231231,ירושלים,1,31,,,0.135
30001335,0,0,66.9,80.2,0.6,0.9,2.2,4.3,5.8,59,12.2,29,31.7,2.6,27.6,27.6,38.5,12.7,38.5,27.6,27.6,,24.3,36.4,19.4,8.7,11.2,856,238,562,1242,676,103500,11.72344689,12.7254509,8.71743487,6.412825651,10.52104208,10.12024048,9.118236473,8.316633267,8.817635271,13.52705411,ירושלים,1,31,,,0.128
30001337,0,0,61.4,71.1,0.5,1.2,4.1,1.9,1.9,72.5,23.1,29.1,35.9,2.5,30.1,30.3,30.1,10.1,9,3.2,17,,35.2,31.1,26,6.6,1.1,220,65,80,405,234,130700,8.1,8.9,9.3,8.2,4.9,9.8,10.5,12.2,9.1,19,ירושלים,1,31,,,0.079
30001422,0,0,47.7,92.1,0.5,2,4.4,2.3,2,36.3,1.5,34.2,17.1,2.8,41.2,41.2,13.6,41.2,1.4,13.6,7.6,,32.3,19.4,11.1,11.5,25.7,328,104,238,345,138,84900,10.7,10.9,16.1,12.2,13.9,8,12.2,8.2,6.4,1.4,ירושלים,1,31,,,0.222
30001423,0,0,67.8,96.95,1.6,0.2,5.1,2.3,5.2,46.4,3.9,13.7,13,1.8,62.6,62.6,19.3,4.3,0.9,62.6,7.9,,34.5,36.2,10.1,6.8,12.4,172,65,454,482,93,52000,22.72272272,23.72372372,11.31131131,11.11111111,8.108108108,9.109109109,7.707707708,2.102102102,4.104104104,0,ירושלים,1,31,,,0.114
30001424,0,0,74.5,91.25,0,4.5,7.2,4.5,7.6,29.7,4.4,5.3,15.4,1.5,66.4,25.6,3.2,66.4,25.6,66.4,0.3,,30.1,37.4,27.4,0,5,140,83,1001,749,174,65400,16.31631632,19.11911912,14.01401401,14.21421421,8.608608609,9.50950951,6.906906907,1.701701702,5.405405405,4.204204204,ירושלים,1,31,,,0.148
30001425,0,0,66.6,86.6,1.7,1.6,6.2,0.7,4.4,36,10.5,10.7,17.4,1.8,56.3,27.8,56.3,6.9,56.3,56.3,27.8,,12.2,59.8,4.5,19.6,3.9,113,47,751,285,162,51900,20,27.1,11.6,10.3,7.1,5,8.9,2.4,4.6,3,ירושלים,1,31,,,0.143
30001426,0,0,55,77.45,1,1.6,1,0.3,4,56.2,10,23.2,35.2,2.3,50.2,50.2,11.9,5.9,50.2,9.2,1.3,,21.6,23.6,34.7,14.6,5.6,138,44,282,281,217,75500,25.8,14.2,7.5,8.3,4.9,7,3.3,10.2,12.9,5.9,ירושלים,1,31,,,0.173
30001432,0,0,69.5,80.75,0.5,2.2,2.1,2,1.4,44.4,4.7,16.3,25.5,2,42,42,39.7,42,3.7,1.2,39.7,,48.5,29.7,9.4,4.7,7.6,148,47,273,339,155,77400,24.2,10.6,10.9,5.9,9.9,15.8,8.3,0.7,9.2,4.5,ירושלים,1,31,,,0.142
30001433,0,0,65.3,86.2,1.6,1.7,4.3,3.9,5.8,42.2,9.3,22.8,25.4,2.3,46.6,26.1,11.1,46.6,3.5,46.6,2.7,,34.8,16.2,25.4,9.2,14.3,665,200,805,1044,336,67800,11.48851149,13.28671329,18.48151848,17.78221778,8.991008991,7.792207792,4.795204795,8.191808192,4.995004995,4.195804196,ירושלים,1,31,,,0.173
30001434,0,0,74.2,95.45,2.6,4.7,3.2,5.5,5.3,49.5,7.3,11.1,19,1.8,54.4,26.1,11,54.4,54.4,26.1,0,,35.1,28.2,21.7,15.1,0,253,155,613,653,173,73600,13.8,12.9,13.1,15.4,9.2,6.4,12.4,9.7,2.3,4.8,ירושלים,1,31,,,0.165
30001435,0,0,71.4,87.75,1.3,1.4,4,0.8,3.6,40.1,6.6,21.9,15.3,2.2,52.1,52.1,23.4,23.4,52.1,3.1,7.5,,27.5,13.6,21,21.5,16.4,438,137,619,737,178,61900,23.3,14.9,12.5,4.6,9.2,11.7,5.3,6.6,8,3.9,ירושלים,1,31,,,0.12
30001436,0,0,77.9,83.3,1,1.3,1.4,0,6.5,42.6,5,15.2,20.7,2.1,50.2,50.2,8,6.1,50.2,27.6,27.6,,26.8,48.9,7,0,17.4,155,55,264,325,117,60300,17,24.9,13.1,11.6,12.7,3.3,4.6,5.8,3.1,3.9,ירושלים,1,31,,,0.096
30001437,0,0,67.2,84.85,2.9,1.3,4.9,2.6,5.4,48.3,6.4,15.3,22.3,2,43.1,36.7,43.1,43.1,3,36.7,36.7,,27.4,28.9,16,16.3,11.4,233,64,354,465,185,99400,5.1,17.4,9.2,16.3,5.8,12,5.9,11.6,7.6,9.1,ירושלים,1,31,,,0.247
30001441,0,0,37,80.65,7.5,6.1,4.3,11.6,12.6,36.2,7,14.5,66.4,2.3,33.6,39,33.6,5.2,5.2,33.6,4.4,,20.6,16.9,13.7,20.3,28.5,191,66,156,277,449,69500,15.98401598,17.18281718,14.68531469,7.592407592,7.592407592,11.28871129,10.78921079,10.08991009,3.996003996,0.799200799,ירושלים,1,31,,,0.104
30001442,0,0,54,77.7,3.3,3.6,2.2,1.3,2.5,49.8,10.8,25.2,29.2,2.6,37.3,31.1,37.3,8.3,2.6,2.6,37.3,,21.2,24.7,26.4,1.9,25.9,422,111,350,412,230,61100,17.38261738,17.68231768,14.88511489,12.28771229,17.48251748,3.496503497,4.395604396,5.394605395,2.897102897,4.095904096,ירושלים,1,31,,,0.063
30001443,0,0,67.6,86.4,2.5,1.1,3.4,1.9,3.8,50.3,6.8,17.6,27.2,2.1,45,31.9,31.9,45,45,3.2,2.4,,26.8,28.3,14.3,16.9,13.6,647,152,989,1029,548,73500,21.67832168,12.38761239,10.08991009,8.991008991,10.48951049,6.793206793,8.691308691,3.996003996,9.99000999,6.893106893,ירושלים,1,31,,,0.133
30001444,0,0,71.7,82.9,1.4,0.5,1.7,1.7,3.6,62.4,14.1,13,23.6,1.9,48.1,31.5,31.5,48.1,31.5,4.6,9.7,,32.9,29.7,24.4,8.7,4.4,374,105,889,999,525,88000,15.2,16.6,8.3,8.9,10.7,7.3,9.7,7.4,6.4,9.5,ירושלים,1,31,,,0.137
30001511,0,0,56.7,88.3,1.6,2.5,1.3,1.6,3.3,43.7,8.7,58.4,19.5,4.1,12.9,12.9,12.1,12.1,25,8,20.5,,24,20.2,12.9,12.3,30.5,1524,419,533,1152,539,66500,17.7,18.4,11,10.9,8.9,8.5,7.3,7.4,4.8,5.1,ירושלים,1,31,,,0.083
30001513,0,0,54.7,93,1.6,3.5,1.7,2.6,4.6,42.6,7.6,41.9,30.3,3.6,22.3,22.3,22.3,8.9,26.5,26.5,5.7,,20.5,16.5,14.6,17.7,30.7,1108,283,507,813,403,69300,16.06786427,17.06586826,15.76846307,10.07984032,9.281437126,5.389221557,5.988023952,9.880239521,7.185628743,3.293413174,ירושלים,1,31,,,0.096
30001516,0,0,68.8,82.55,2.9,0.9,0.5,0,2,93.1,41.8,32.8,45.7,2.4,35.4,29,35.4,35.4,35.4,6.7,6.7,,23.5,47.2,14.2,10.6,4.6,175,62,82,285,171,157700,6.6,10.5,6.1,2.9,7.9,10.7,5.7,18.4,14.7,16.5,ירושלים,1,31,,,0.316
30001611,0,0,66.6,93.65,1,0.4,0.8,1.8,3.1,73.5,27.1,41.4,23.7,3.3,25.9,25.9,23.1,11.5,25.9,8.7,8.7,,23.8,27,11.8,19.1,18.2,,,,,,99400,23.62362362,6.206206206,6.106106106,9.009009009,7.407407407,6.806806807,13.41341341,12.01201201,11.11111111,4.304304304,ירושלים,1,31,,,0.079
30001612,0,0,66.6,93.65,1,0.4,0.8,1.8,3.1,73.5,27.1,41.4,23.7,3.3,25.9,25.9,23.1,11.5,25.9,8.7,8.7,,23.8,27,11.8,19.1,18.2,,,,,,99400,23.62362362,6.206206206,6.106106106,9.009009009,7.407407407,6.806806807,13.41341341,12.01201201,11.11111111,4.304304304,ירושלים,1,31,,,0.079
30001613,0,0,66.6,93.65,1,0.4,0.8,1.8,3.1,73.5,27.1,41.4,23.7,3.3,25.9,25.9,23.1,11.5,25.9,8.7,8.7,,23.8,27,11.8,19.1,18.2,865,353,523,758,260,99400,23.62362362,6.206206206,6.106106106,9.009009009,7.407407407,6.806806807,13.41341341,12.01201201,11.11111111,4.304304304,ירושלים,1,31,,,0.079
30001614,0,0,69.3,90.4,2.8,1.8,1.6,1.8,4.6,77,27.3,47.4,24.1,3.7,15.1,25.5,11,12.4,15.1,8,13,,19.6,24.9,26,12.1,17.4,1116,337,577,1222,377,97800,13.4,8.6,9.1,12.4,10.4,8.4,11.2,10,8.1,8.4,ירושלים,1,31,,,0.165
30001615,0,0,69.7,87.75,0.7,0.8,1.5,1,2.4,82.9,40.3,63.5,18.9,4.3,11.8,15,10.8,14.3,15,12.6,13.8,,18.4,21.4,27.9,16.7,15.7,1435,478,565,1331,303,119200,11.11111111,9.50950951,6.106106106,5.905905906,10.71071071,10.71071071,10.01001001,15.81581582,12.51251251,7.607607608,ירושלים,1,31,,,0.083
30001616,0,0,71.5,88.55,0,0,0,0,0,82,45.7,54.4,23,3.8,15.3,20,15.3,13.4,15.3,12.6,9.7,,27.4,23.5,23.1,12.7,13.3,1920,647,860,2098,600,110800,10.7,10.8,8.1,9.6,7.9,9.1,13.8,12.6,11.6,5.8,ירושלים,1,31,,,0.072
30001711,0,0,54,87.5,0.8,1.5,2.6,2.5,4.7,62.5,15.3,50.9,27.4,3.5,5.5,39.8,39.8,10.9,5.5,9.6,8,,31.1,30,15.3,9.9,13.7,957,443,855,848,571,82400,16.1,13.8,13,8,8.1,9.7,10.3,6.8,8.4,5.8,ירושלים,1,31,,,0.089
30001714,0,0,45.2,85.25,1.2,1.4,1.1,1.4,3.7,44.6,5.8,50.9,31.2,3.9,16.2,16.2,30.2,6.4,7.8,16.2,7.8,,23.6,11.3,13.1,18.8,33.2,1854,535,754,1131,840,78500,17.98201798,13.78621379,11.78821179,10.18981019,8.091908092,9.99000999,12.18781219,4.395604396,5.994005994,5.594405594,ירושלים,1,31,,,0.104
30001721,0,0,62.8,83,1.5,0.2,1,3.8,4.9,80.8,36,34.6,39.1,2.8,24,24,17.6,24,10,17.6,17.6,,46.1,24.7,20.5,5.6,3.1,416,185,326,768,450,124100,14.3,4.7,11,8.9,4.8,9.4,8.4,11.7,15.1,11.7,ירושלים,1,31,,,0.14
30001722,0,0,59.3,82.9,0.7,1.5,2.6,1.5,4,81.4,28,39.2,39.8,2.8,23.7,23.7,23.7,16,6.3,16,23.7,,33,31.7,13.6,18.5,3.3,651,133,341,840,623,115900,10.48951049,8.591408591,9.79020979,12.48751249,5.994005994,6.993006993,10.98901099,11.38861139,15.58441558,7.692307692,ירושלים,1,31,,,0.104
30001723,0,0,60.7,84.7,2.2,2.3,2,2.3,3.7,83.3,36,40.9,37.8,3.2,14.7,38.2,38.2,14.7,11.5,7.8,14.7,,30.7,23,21.9,12.3,12.1,980,361,447,1122,684,126300,9.3,7.3,6.7,8.2,7.4,11.9,9.4,10.6,11.2,18,ירושלים,1,31,,,0.128
30001812,0,0,63.1,79.9,2,2.5,2.3,3.9,5.1,63.5,20.1,32.7,38.5,2.5,32.6,32.6,32.6,10.2,8.2,32.6,1.2,,36.3,31.9,19.1,9.6,3.1,1109,332,602,1819,998,112900,12.18781219,5.794205794,9.190809191,11.48851149,8.691308691,13.38661339,9.190809191,11.28871129,11.68831169,7.092907093,ירושלים,1,31,,,0.068
30001814,0,0,66.1,81.65,0.5,1.8,1.3,1.6,3.2,83.4,34.8,37,37.1,2.8,23.7,23.7,23.7,33.4,11,5,23.7,,27.7,33.4,23.5,10.5,5,1124,382,564,1641,921,142400,9.409409409,7.407407407,6.506506507,8.208208208,6.506506507,5.305305305,14.41441441,9.70970971,18.81881882,13.71371371,ירושלים,1,31,,,0.096
30001816,0,0,70.8,89.85,0,1.9,3.5,1.9,6.6,61.5,23.9,47.2,29.8,3,25,25,11.2,13.6,25,26.5,4.4,,33.9,25.3,25.1,10,5.7,364,81,186,425,172,118400,11.31131131,7.607607608,8.708708709,9.309309309,11.91191191,3.103103103,8.108108108,12.21221221,16.71671672,11.01101101,ירושלים,1,31,,,0.122
30001817,0,0,58.8,82.15,1.9,0.7,2.7,0.5,1.8,67.3,19.1,43.5,34.3,3.1,19.5,29.6,14.6,14.6,19.5,29.6,8.7,,26.2,29.2,18.8,22.9,2.9,,,,,,135800,12.1,6.6,8.6,9.7,4.7,6.6,13.5,12.7,13.9,11.6,ירושלים,1,31,,,0.148
30001818,0,0,58.8,82.15,1.9,0.7,2.7,0.5,1.8,67.3,19.1,43.5,34.3,3.1,19.5,29.6,14.6,14.6,19.5,29.6,8.7,,26.2,29.2,18.8,22.9,2.9,718,190,416,1015,672,135800,12.1,6.6,8.6,9.7,4.7,6.6,13.5,12.7,13.9,11.6,ירושלים,1,31,,,0.148
30001822,0,0,69.1,85.95,2.6,3.4,2.7,3.2,8.3,66.3,24.2,31.2,33.5,2.5,32,32,32,12.6,10.4,26,1.4,,33.1,36,22.6,4.8,3.5,500,145,237,856,486,101200,12.5,11.3,11.6,7.8,8.2,5.5,10.7,13.2,10.1,9.1,ירושלים,1,31,,,0.062
30001824,0,0,62,89.05,1.2,1.3,5,6.4,11.8,58.4,13.5,39.3,35.2,2.7,26.8,26.8,30.5,14.1,30.5,26.8,1.8,,34.8,40.4,12,8.9,3.9,561,173,267,902,738,96700,8.8,13.3,12.1,8.2,14.9,12.8,11.6,9.5,6.6,2.2,ירושלים,1,31,,,0.089
30001914,0,0,69,88.45,2.3,4,3.6,3.2,7.5,80.8,30.8,32.2,37.5,2.8,26.7,26.7,30.5,12.5,30.5,26.7,26.7,,31.9,26.3,23,11.6,7.3,1100,297,661,1590,916,104900,6.7,10.5,10.8,13.5,8.4,10.5,9.8,13.3,10.3,6.2,ירושלים,1,31,,,0.082
30001923,0,0,74.3,92.35,1.2,2.4,2.6,1.9,3.1,76.8,29.3,37.9,27.1,3,24.4,24.4,30.3,24.4,12.1,11.6,4.7,,23.6,32.2,24.5,11.5,8.1,766,168,388,1186,347,101400,7.4,11,10.7,8.3,13.6,11.4,11.5,10.4,12.6,3.1,ירושלים,1,31,,,0.12
30002512,0,0,48.7,86.5,1.5,1.1,1.8,2.3,7.5,54.7,9.9,42.7,38.5,3.4,30.2,30.2,30.2,10.2,12.1,8.4,17.2,,19.6,24.4,20.3,18.1,17.6,958,362,647,907,362,66000,18,13.8,17.5,11.3,7.4,5.1,6.3,6.5,11.3,2.8,ירושלים,1,31,,,0.163
30002513,0,0,47.4,91.25,0.7,1.3,0.9,0.9,3.2,53.5,9.4,53.6,26.4,4.1,3.4,29.2,3.4,3.4,15.2,7.7,7.7,,30.3,25.2,14.4,7.5,22.5,897,247,515,875,239,63000,14,17.3,20.9,19.9,4.9,9,3.7,2.4,3.2,4.7,ירושלים,1,31,,,0.084
