ParamVaried,wservice,eld_movef,svc_filter,Replicate,PopChange_E,PopChange_NE,SAServiceAvg_E,SAServiceAvg_NE,SAServiceDelta_E,SAServiceDelta_NE,BldServiceAvg_E,BldServiceAvg_NE,BldServiceDelta_E,BldServiceDelta_NE,NormAssetsCity_Avg_E,NormAssetsCity_Avg_NE,NormAssetsCity_Delta_E,NormAssetsCity_Delta_NE,NormAssetsSA_Avg_E,NormAssetsSA_Avg_NE,NormAssetsSA_Delta_E,NormAssetsSA_Delta_NE,AttemptSA_Avg_E,AttemptSA_Avg_NE,AttemptSA_Delta_E,AttemptSA_Delta_NE,AttemptCity_Avg_E,AttemptCity_Avg_NE,AttemptCity_Delta_E,AttemptCity_Delta_NE,SuccessSA_Avg_E,SuccessSA_Avg_NE,SuccessSA_Delta_E,SuccessSA_Delta_NE,SuccessCity_Avg_E,SuccessCity_Avg_NE,SuccessCity_Delta_E,SuccessCity_Delta_NE
wservice,0,1,0,1,-88,-428,2.38471481224549,0.572531506338388,0.841784441600903,1.00924544961611,0.855693780083781,0.82351444585923,1.11232231919275,1.02989788921923,1103.14193587913,1311.29261089471,-4232,-1417,79.4124650226943,100.027077238689,NaN,-0.333333333333333,0.00221247841173389,0.0023832031447706,-6.97495989398061e-05,-2.70238955567638e-05,0.00168935261648903,0.00189316170171107,5.51168477171604e-06,-5.91283248862364e-05,0.314458222201426,0.36818464613489,NaN,-0.333333333333333,0.607000577181035,0.578536381040912,-1,-0.7
wservice,0,1,0,2,-92,-418,2.38160689925025,0.575585950770717,0.869252914947342,1.02800780475286,0.844517885297975,0.828355244794386,1.09324747400278,1.03506032684266,1195.53978471859,1410.95574154061,-1981,-2829.75,105.691000798144,75.7969481544589,NaN,-535.5,0.00215558034024506,0.002399645253212,0,-7.78689125933537e-05,0.00165989236398937,0.00187519154188828,0.000258993831835988,0.000160008279720928,0.290555344126773,0.339708260742559,NaN,-1,0.548217459371109,0.599563664471342,-1,-1
wservice,0,1,0,3,-85,-412,2.39590656952132,0.586190251706569,0.89685317431403,1.0548443008425,0.86826619640793,0.847425081333958,1.13236765412464,1.07333393482885,1107.73567911724,1340.6924950484,-1980,-1132.85714285714,62.3657120736992,74.2109044530421,NaN,0,0.00224973330677304,0.00244923877817366,0,0,0.00164661644304516,0.00193059790584631,5.31974815686371e-06,-6.04784713009505e-05,0.327506038720494,0.305199207576108,NaN,0,0.567485442331004,0.570417767139654,-1,-0.571428571428571
wservice,0,1,0,4,-116,-395,2.37708451348122,0.568428064442281,0.831013163539071,1.00908380169624,0.847900779943433,0.822611575249413,1.09443794951566,1.0200383483908,958.661373042163,1420.37444803106,NaN,-3293.85714285714,95.9677931126215,73.874945083319,NaN,0,0.00211441597385164,0.00233916752847377,0,-5.04591785245736e-05,0.00162986951497514,0.00187336339734289,0.000254841997961264,3.43768519041917e-05,0.371735113763055,0.344062473904993,NaN,0,0.454134870976976,0.600401675711973,NaN,-0.857142857142857
wservice,0,1,0,5,-123,-486,2.40891148212797,0.596453314592907,0.943600165487823,1.09217340711033,0.871203261522651,0.858171111442827,1.13889718176972,1.08863733030774,1090.98048781352,1368.99762501246,-458,-1157.5,43.9730476861395,46.5419452507478,NaN,0,0.00229026137762888,0.00243551885008099,0,-9.75853089837864e-05,0.00183127490373708,0.00195289440037001,7.76095746238145e-06,0.000193332945691193,0.311143633767282,0.312657204919476,NaN,0,0.542014577673965,0.591641111180423,-1,-0.833333333333333
wservice,0.25,1,0,1,-83,-407,2.42820139333815,0.581527392344351,0.927803401751802,1.04164707456521,0.866135948230018,0.829402263128716,1.12380882677115,1.03480494104681,1197.70592280015,1372.77900723649,NaN,-1912.5,79.3085666450938,95.2751011668254,NaN,NaN,0.00235340676606357,0.00243711233561963,0,-2.42706664725013e-05,0.00171182433607902,0.00188730456541012,-0.00024740227610094,-0.000185958797593333,0.316587739426533,0.357922132983898,NaN,NaN,0.5900342895779,0.59279269175485,NaN,-0.6
wservice,0.25,1,0,2,-74,-428,2.41657064814151,0.576786639651025,0.911225614140758,1.02687695486555,0.852669990427739,0.83348096487889,1.11061674195606,1.04916598893333,1184.83785691127,1221.47757302429,NaN,-2050.90909090909,41.9585562212475,57.2878232173269,NaN,0,0.00245423432061246,0.00240299609370932,0,-2.78382671533211e-05,0.00172524819070327,0.0018957221242479,0.000504159314343333,-9.03853755806691e-05,0.268644425424676,0.340956654098124,NaN,0,0.552102632615014,0.573029275726265,NaN,-0.727272727272727
wservice,0.25,1,0,3,-62,-286,2.43334468603679,0.584853877983987,0.950258390596201,1.04591650177267,0.867681729807459,0.832558867273654,1.13303749946331,1.04502422974239,1230.91377826039,1296.53275895717,NaN,-2132.5,85.608636392711,85.4022028655456,NaN,NaN,0.0024223688494238,0.00241545671699094,0,0,0.0015925926252829,0.00181958964473627,-0.000247463499133878,3.26644040118086e-05,0.42179172329818,0.370630186367989,NaN,NaN,0.629850265614853,0.586491225203911,NaN,-1
wservice,0.25,1,0,4,-63,-427,2.41317947619196,0.570702296695129,0.895914105898435,1.00754195193454,0.843594745830074,0.820681643251144,1.09236836862605,1.02686199344024,971.102578598604,1312.36675402031,NaN,-2390.14285714286,60.3058588556732,66.0571090636047,NaN,0,0.0024372631370568,0.00234372331470965,0,0,0.00163674078958628,0.00188013223101048,0,2.95879409127099e-06,0.269893501174442,0.317161384225127,NaN,0,0.582799239098625,0.585627921683067,NaN,-0.714285714285714
wservice,0.25,1,0,5,-98,-479,2.42475973625919,0.582648066947764,0.930034795450469,1.05876093997654,0.857769696017866,0.843732038382128,1.11617142133143,1.06758075545805,1167.98085588448,1438.77867697394,-1414.5,-2316.1,68.1308998133946,64.7804020446006,NaN,-240,0.00245844216761615,0.00243073761544893,0,-3.37341064429162e-05,0.00180733696076689,0.00192499848335407,0.00102728415708828,3.64867599240341e-05,0.322842418916583,0.325221027646723,NaN,-0.5,0.559264521638677,0.60215968327826,-0.5,-0.7
wservice,0.5,1,0,1,-77,-394,2.43107428099788,0.577676226128177,0.952867827991269,1.03937090803412,0.850800009864215,0.836748023238414,1.11122301248395,1.06026454206439,1470.42567431562,1377.8110078276,0,-1987.5,74.2581812853662,77.8204004372327,0,NaN,0.00248566784730289,0.00240220707846759,0,-2.53765241774834e-05,0.00171579899003917,0.00185647527284301,0.000509477518531565,2.33840196500073e-06,0.271524099395034,0.381357441294856,0,NaN,0.580902189597842,0.587269814730548,0,-0.666666666666667
wservice,0.5,1,0,2,-90,-389,2.42538674822179,0.567628752964251,0.90884844765657,0.999057390953057,0.861890447764514,0.820176815338037,1.11163058263717,1.01690037782067,1103.88124197329,1269.41578101176,-2358,-2833,80.3064613482875,103.167283818424,0,NaN,0.002359276319338,0.00240435523015851,-0.000607164541590771,0,0.00167966389698725,0.00187533412643452,5.63698175703596e-06,7.69018459612018e-07,0.266342961086991,0.411621591130918,0,NaN,0.561381422584347,0.579826550386281,-1,-1
wservice,0.5,1,0,3,-48,-364,2.42567307874665,0.582787803686978,0.932154045054362,1.03913733662088,0.869643149758011,0.832886321765025,1.12847944482993,1.04012807804188,1292.30516515785,1363.46737853817,-3584,-1641,71.1799394674703,94.2870271773859,NaN,NaN,0.00234113020915146,0.00243902981309964,0,0,0.00158922097174848,0.00186013438216802,2.97180775994725e-06,0.000348512573951,0.265969803312764,0.353178655961509,NaN,NaN,0.572989798320148,0.580851900104948,-1,-1
wservice,0.5,1,0,4,-60,-289,2.42367318419613,0.577642363859874,0.918613525252279,1.03249340463194,0.859665587603263,0.830239444916817,1.11685652161358,1.04517076642683,1201.41226320611,1302.32826339293,0,-2169.33333333333,78.5055618865432,82.2413684105465,NaN,-307.5,0.00244304308764997,0.00239778378796213,0,-7.75467419672271e-05,0.00158856287163928,0.00182794522698379,0.00126033052580268,-9.29243733987208e-05,0.372168158320239,0.32173910338696,NaN,-0.5,0.524198167959298,0.559912118319137,0,-0.833333333333333
wservice,0.5,1,0,5,-76,-417,2.41606685424182,0.567019125467668,0.900042136631042,0.9990447443773,0.828467556868976,0.818060021152045,1.06638351898109,1.01819784593625,1260.24175529426,1431.11834663774,0,-3542.44444444444,95.7312955187201,84.7935733192501,NaN,0,0.00242974595805164,0.00236730277382609,0,-2.42706664725013e-05,0.00171812846820395,0.00187975030344986,4.74331044998102e-06,0.000162047433800595,0.317759541315555,0.361588371580995,NaN,0,0.559861781424281,0.593805983459528,0,-1
wservice,1,1,0,1,-57,-369,2.42779398469778,0.574236540479259,0.931233711357508,1.01726726458221,0.864205571771074,0.830589298852902,1.12312114181476,1.03640977906098,1231.36512923351,1365.9874281158,-4689,-4467.75,54.3904642503867,93.6699940090201,NaN,NaN,0.00241392238795602,0.00241465161870229,-6.97495989398061e-05,0,0.00161804272879107,0.00187004951270312,3.53875275727815e-06,6.4704061415221e-05,0.301184951671466,0.350824943507289,NaN,NaN,0.560031612076649,0.584972249208922,-1,-1
wservice,1,1,0,2,-69,-414,2.43867256358675,0.58583080018594,0.940081316459898,1.04345817217719,0.862606207984685,0.844062183744077,1.11791116472106,1.0588774589593,1407.91018594296,1263.65517008497,NaN,-1674.66666666667,99.4358701792791,76.4924817502492,NaN,0,0.00246333267272265,0.00247375380435032,0,-1.4333218667584e-05,0.0016318703110382,0.00190739025163436,0,-0.000122989805608907,0.395475503446074,0.309011882080362,NaN,0,0.632429637921775,0.572329139333082,NaN,-0.777777777777778
wservice,1,1,0,3,-72,-397,2.43039794390811,0.581339430396245,0.945115093750815,1.04128743698856,0.86184941661842,0.835732654219722,1.12448065254344,1.04810018301762,1383.60167598043,1544.24521902113,NaN,-2961.4,71.0163352403272,69.7246586213514,NaN,NaN,0.00243558086572237,0.00240019474918546,-6.97495989398061e-05,-1.26795744734807e-05,0.00165753131921606,0.00189167764571567,-0.000990344144590245,-6.13335796740016e-05,0.349134777259777,0.388933602641084,NaN,NaN,0.596397091365067,0.606235383219067,NaN,-0.8
wservice,1,1,0,4,-80,-414,2.43069840863177,0.579138340420271,0.943264727026804,1.02758907009654,0.869079104732174,0.831557839669071,1.13360295851969,1.0400782705653,1030.32673574695,1285.54185670154,NaN,-2093.75,64.1405281127769,90.205987193028,NaN,NaN,0.00244231476006344,0.00242242570452325,0,0,0.00168343307107627,0.00186618870846436,0.00126230749810654,0.000128297333434696,0.263377626834565,0.312413121611757,NaN,NaN,0.581913392567487,0.597080189636514,NaN,-0.75
wservice,1,1,0,5,-46,-344,2.41672210798063,0.566540100699106,0.889815200464689,0.991576837793899,0.855252799220685,0.818362749312029,1.10460258207609,1.0155470813223,1117.78318569122,1391.43609537508,NaN,-1889.33333333333,92.1800028881502,67.7929428584622,NaN,0,0.00244816512064866,0.00236866729844054,0,0,0.00160156061064679,0.00185274926507174,0.0005005005005005,0.000222188184771216,0.319581873153302,0.36496898602403,NaN,0,0.523832012342732,0.57926049756995,NaN,-0.666666666666667
wservice,2,1,0,1,-67,-385,2.41457851113157,0.559817526886482,0.889692786080979,0.976699498654179,0.840981341275096,0.799843050007597,1.09000104535276,0.994088963415044,1629.20063743447,1253.21526821421,NaN,NaN,29.7169085004514,66.8527695089439,NaN,-456,0.00234308624585171,0.0023529069852198,0,-1.47852443261625e-05,0.00162242818112676,0.00183232554940866,0,0.000189819355246923,0.250346710681153,0.323855141282475,NaN,-1,0.611531560755949,0.579870435857428,NaN,NaN
wservice,2,1,0,2,-86,-492,2.43496817693483,0.581915605278229,0.950081534675489,1.04617686151037,0.874164068983043,0.841128705925481,1.14916696739584,1.06299027132783,1212.78882157568,1336.52709715813,NaN,-2478.4,90.9346025133303,86.2057705336167,NaN,0,0.00241694981529049,0.0024148156716419,0,-2.42706664725013e-05,0.00178240357053918,0.00194414349072494,0.000252844500632111,-9.03369154525137e-05,0.318043355703777,0.344721007964666,NaN,0,0.551367320866098,0.57321439086048,NaN,-0.8
wservice,2,1,0,3,-72,-431,2.42736674571564,0.58332230482212,0.935690719753733,1.0557138702819,0.866190094704336,0.848703019868799,1.13485796783073,1.08167512609516,1394.863975912,1331.88834474896,NaN,-1704.75,87.1000867565406,84.9782208299543,NaN,-228,0.00248515538297396,0.00244277662329898,0,-3.90382250997091e-05,0.00166160445937605,0.00187876527511496,-0.000247524752475248,3.33876678351624e-05,0.360999258893281,0.386551738402544,NaN,-0.5,0.546731095415306,0.569435364725733,NaN,-0.5
wservice,2,1,0,4,-96,-445,2.43233926056016,0.577645895768843,0.919861809735467,1.03258606802566,0.84565705051093,0.830408318543478,1.10040351380645,1.04428189595597,1214.715496716,1385.19653165169,NaN,-2556.75,101.967731489348,79.7356694526505,NaN,0,0.00246873184257927,0.00232639032441989,0,-1.32796834123475e-05,0.00174327565697561,0.00190947507207096,0.000253356979984799,-8.98024752157593e-05,0.412491256760966,0.354547254262492,NaN,0,0.540504753008289,0.59068389774832,NaN,-1
wservice,2,1,0,5,-79,-429,2.44131889291755,0.590024308201855,0.974147003566667,1.06393893603502,0.877242744578867,0.846490796115209,1.14865438698746,1.06700379892835,1568.52801765835,1408.9570841776,-4689,-2799.375,64.5756286496068,87.750534372682,NaN,0,0.00246004097306821,0.00240301241263027,0,-9.75853089837864e-05,0.00177624719809655,0.0019410963784626,4.93427976566794e-06,3.50814820899408e-05,0.304812459926666,0.390155383678747,NaN,0,0.619483857408236,0.61204129636112,-1,-1
eld_movef,0,0,0,1,-45,-379,2.37589010162838,0.573839151166381,0.842890154682333,1.0069456489905,0.845743901529103,0.818928069366588,1.09373565908395,1.0170693662338,712.183073141228,1316.06204466419,NaN,-1226.14285714286,56.4967953270614,83.0196443226991,NaN,NaN,0.00216861786244424,0.00241822781430593,0,0,0.00142724510884895,0.00188191852453087,0,2.6228624968241e-06,0.350898705793033,0.338286536887005,NaN,NaN,0.450416287406982,0.591150823374961,NaN,-0.714285714285714
eld_movef,0,0,0,2,-71,-380,2.40409080240819,0.591038108860303,0.924769057949627,1.06636637686844,0.886713049350077,0.846334677472568,1.16426695833516,1.07165670736225,684.076477481518,1368.26155193936,NaN,NaN,63.7988718323587,73.4642011352636,NaN,NaN,0.00233037794099651,0.00248285969453135,NaN,NaN,0.00155655165653907,0.00190867126084704,NaN,NaN,0.286181773879142,0.315410424812631,NaN,NaN,0.495584554621606,0.609231097648967,NaN,NaN
eld_movef,0,0,0,3,-46,-393,2.39843492304111,0.586362555030198,0.900403352685832,1.04878243442697,0.872693484474925,0.835764146445206,1.1382133042826,1.0476518573441,587.576682481436,1353.41594130199,NaN,0,82.8202711731386,74.2841523640497,NaN,0,0.00222997790117519,0.00242905717520829,0,0,0.00138946853693272,0.00188117370028598,0,0.000190256116995229,0.44042959452159,0.330485712870888,NaN,0,0.507542594857729,0.590419118740516,NaN,0
eld_movef,0,0,0,4,-46,-407,2.36727804323694,0.567988522796693,0.82347056003815,0.997868308450687,0.848688656847167,0.812470896911064,1.10304055709831,1.01424599248873,998.600100910926,1407.96114763335,NaN,-2425.4,73.2720613874961,78.5487134379425,NaN,NaN,0.00213436902356942,0.00239723094881316,0,-1.26795744734807e-05,0.00139134690925761,0.00185404454695658,0,3.36733889753859e-05,0.35864743304182,0.32737946035046,NaN,NaN,0.604711108383789,0.59662465289212,NaN,-0.8
eld_movef,0,0,0,5,-75,-288,2.38953127759839,0.576065935802316,0.868729836845938,1.02098590460412,0.859824986274032,0.832713372010244,1.11712214006893,1.04193879724113,853.188672639275,1342.19895808526,NaN,-2541.6,87.836057723896,110.220885202444,NaN,NaN,0.00227031215300679,0.00241075759957169,0,0,0.0015310978775996,0.0018660652058035,0,-3.01202157609813e-05,0.291319246966967,0.397850970584355,NaN,NaN,0.472909954837666,0.60168917903279,NaN,-0.8
eld_movef,0,0.25,0,1,-69,-416,2.37651024632453,0.571936530689359,0.856759442070626,1.01749070410051,0.861780530611538,0.825359357325509,1.12460241534321,1.03528570476407,864.169432999627,1293.64933660415,-3080,-206.545454545455,68.5882200252503,72.2351410229035,NaN,0,0.0021932380703203,0.00235227595757904,0,0,0.00149998203894322,0.00188057326726325,4.30098411503197e-06,-0.000185522249291002,0.445961079220991,0.321215072982249,NaN,0,0.47298611362094,0.58163060843069,-1,-0.272727272727273
eld_movef,0,0.25,0,2,-52,-411,2.39648813547144,0.580157183229814,0.879082297923655,1.03707529535531,0.859359859672411,0.832365288889285,1.11825626210969,1.04567942634405,697.355959106807,1252.33342585777,NaN,-2863.33333333333,48.3103830359976,54.1782187371025,NaN,0,0.00228905021376813,0.00243135222072758,-6.97495989398061e-05,-1.4333218667584e-05,0.00156757436804542,0.00192479601690247,-0.000247524752475248,3.41076851565672e-05,0.231130343349516,0.277390550901518,NaN,0,0.516396562477071,0.55913205006174,NaN,-0.833333333333333
eld_movef,0,0.25,0,3,-48,-430,2.39011553160838,0.58304080987346,0.910712946672544,1.05590102348075,0.889451060181047,0.839746515265296,1.17436310340605,1.05953087805402,1329.39691188041,1336.83695042405,NaN,-922,92.089998789713,68.9092983597939,NaN,-324,0.00223311213681087,0.00242667827462083,0,-8.3303492479571e-05,0.00154774296758169,0.00195898370678484,0,2.55481307890332e-06,0.42476639689497,0.325476025449503,NaN,-0.5,0.646570941515867,0.583372033378904,NaN,-0.5
eld_movef,0,0.25,0,4,-65,-321,2.36816625421909,0.562290787306058,0.820911564914267,0.981709244022845,0.841289444672165,0.81024376258188,1.07940980726386,0.997881141042701,1149.90970725496,1260.60480956091,NaN,-2211,91.6257497833299,77.831690172651,NaN,-200.5,0.00213765962425331,0.00235849609176259,0,-0.000188718036713889,0.00140776959534199,0.00179346477447018,0,1.58416041723606e-06,0.321228821742551,0.378351100876936,NaN,-0.5,0.528401876091515,0.574945832940055,NaN,-0.8
eld_movef,0,0.25,0,5,-56,-309,2.40201370126246,0.588082803362957,0.889626182994579,1.0475890659649,0.869177544742009,0.836438704187026,1.12447755677149,1.04024086566481,1249.10342424348,1223.28976179976,NaN,-437,61.9620826491516,66.7034168435564,NaN,NaN,0.00217966944237211,0.0024149698305196,0,0,0.00150183670127936,0.00184668948503027,0,9.56117017497492e-05,0.315099890530925,0.284716598637288,NaN,NaN,0.579526530370257,0.561094554377608,NaN,-1
eld_movef,0,0.5,0,1,-63,-409,2.39286203546896,0.575677736520572,0.897411942849089,1.03591585524957,0.872963367368879,0.832850886530818,1.1510213866372,1.05569014325467,864.65877893067,1383.31229592833,NaN,-2834.6,72.6093236676322,69.7254193917769,NaN,NaN,0.00217859847882776,0.00240386075165008,0,0,0.00147638364938016,0.0018763262777703,0.000502765208647562,9.69898147240495e-05,0.311022722221333,0.317430456542836,NaN,NaN,0.59335499186412,0.594530249635666,NaN,-1
eld_movef,0,0.5,0,2,-105,-422,2.37821488213182,0.571717651516727,0.853376237890956,1.02026894414094,0.857559824763785,0.825166226669757,1.1184316994357,1.03856891695755,740.069502011941,1334.51592083633,NaN,-2858.44444444444,70.155502638938,68.6954830201206,NaN,0,0.00212681151913761,0.00239808034709755,0,-2.42706664725013e-05,0.00153845270950328,0.00188915852148905,0.000253936008125952,3.54298852888797e-05,0.303828056665799,0.332131337515556,NaN,0,0.489875935922788,0.583492534303043,NaN,-1
eld_movef,0,0.5,0,3,-74,-411,2.38203612454708,0.581004255557047,0.850122078486914,1.03551761988909,0.865561001689509,0.838788920658409,1.1204463571935,1.04894769292538,1277.52302731053,1262.32963429587,NaN,-1889,61.3076965144842,88.4667788233589,NaN,NaN,0.00224696505152819,0.00243404544489534,0,-8.58748507887152e-05,0.00156644920532414,0.00187374011071158,0,0.00015955869591715,0.298096447622785,0.334117520844576,NaN,NaN,0.573478003285696,0.579837834172425,NaN,-0.666666666666667
eld_movef,0,0.5,0,4,-60,-427,2.39867683312943,0.586116228881557,0.895151291863784,1.05494659081941,0.874402003746129,0.839222528170775,1.14696113307934,1.06340440674427,1150.10652052239,1392.85639631192,NaN,-2226.55555555556,83.9222194312573,80.858897245025,NaN,NaN,0.00217647475811676,0.00242818439076443,0,-1.4333218667584e-05,0.00151896534202879,0.00189450412384226,0,-0.000186307270028069,0.394833249532639,0.346183435489718,NaN,NaN,0.542455521306511,0.57457068328075,NaN,-0.888888888888889
eld_movef,0,0.5,0,5,-71,-389,2.38897531012755,0.579891241854523,0.882106573405413,1.03551745058665,0.871263985198079,0.837628494280501,1.13261321726489,1.05049451274212,1268.52852705309,1382.51619991568,NaN,-3038.25,90.0240741605333,78.1260707712788,NaN,NaN,0.00218007856638037,0.00246350831823141,0,0,0.00150476648041119,0.00188110009445542,0.00151171579743008,0.000159751832398501,0.34620879581192,0.366086019792879,NaN,NaN,0.558212077127898,0.592465460677767,NaN,-0.75
eld_movef,0,0.75,0,1,-95,-362,2.38758214382121,0.572040308769796,0.877290476260181,1.01426454427406,0.849026488419701,0.826227298489347,1.09930795425204,1.03101049866508,1396.50017376266,1395.59464084445,-2357,-3071,58.3248313303816,70.1648297877765,NaN,-135.5,0.00217297957931591,0.00241920084199962,0,-0.00010612331529237,0.00159761558867431,0.00186947598251137,0.000259311683868657,0.00012860452881366,0.356186804571897,0.317606101463669,NaN,-0.5,0.596261732657245,0.596482690849586,-1,-0.833333333333333
eld_movef,0,0.75,0,2,-92,-392,2.4054298298326,0.58753219157856,0.915308629133922,1.05933020864114,0.885822687594833,0.844527869622436,1.15592520748297,1.06191418094368,529.39262012172,1267.23896662641,NaN,-2913.16666666667,143.448208146143,81.1073379361547,NaN,0,0.00221737064348108,0.0024463690995788,0,-1.32796834123475e-05,0.00156510077716391,0.0019066736808915,0,3.39675100825396e-05,0.4514044700034,0.376162013706146,NaN,0,0.446147994221843,0.592233886912018,NaN,-1
eld_movef,0,0.75,0,3,-89,-469,2.37406408713668,0.569628199064585,0.84768214421593,1.01189464612745,0.843178662649273,0.818508804748785,1.08859091248075,1.02101578905487,1170.12989908854,1395.32412631701,NaN,-2942.8,98.2771572735344,91.8312511064894,NaN,NaN,0.00215754722227172,0.00240878347049411,0,-5.67297936319802e-05,0.00162687477751922,0.00192542387565455,0,-9.05235140034114e-05,0.360561031276597,0.372702579880908,NaN,NaN,0.581852213541667,0.599299907104155,NaN,-0.8
eld_movef,0,0.75,0,4,-86,-465,2.38483740362055,0.57131567690964,0.871556174971674,1.01660456868788,0.847164987517761,0.823113345209991,1.1020650977284,1.0351700812603,1215.47870801237,1478.48499292519,NaN,-3371.66666666667,79.8399447768437,50.2578768697252,NaN,NaN,0.00219092163985149,0.00240934635083708,0,0,0.00168016588566741,0.00190162776445065,0,0.000161360399096824,0.255630136332925,0.33334247696929,NaN,NaN,0.566203521132932,0.595062790648283,NaN,-1
eld_movef,0,0.75,0,5,-81,-376,2.37388977140502,0.573849647860941,0.836008968033032,1.00954729326036,0.863803257977649,0.82549034211407,1.11852853118125,1.02657051666358,1015.88034667877,1397.22391663301,-2716.33333333333,-2344.5,97.9791574473675,94.4986777581602,NaN,-884,0.00219755861269919,0.00239768247581409,0,-3.9109859595604e-05,0.00161736690584584,0.00187556452288939,-0.000489745328681513,3.31121402825575e-05,0.358678803598834,0.38771160098462,NaN,-1,0.556973207987556,0.591238051769139,-1,-0.75
eld_movef,0,1,0,1,-94,-338,2.38885994120296,0.574631975361727,0.876245652634569,1.01635857992354,0.855046868503448,0.821020225332092,1.11125314938764,1.02622585107057,1136.96460901524,1336.45908712257,-1385,-1333.8,75.5092430376275,71.9018492268619,0,0,0.0021824539469816,0.0024383416557052,-6.97495989398061e-05,-1.45585837409737e-05,0.00168549420087643,0.0018812606871763,0.000512607440820518,-6.15143202620014e-05,0.319999365189002,0.355146462208446,0,0,0.521761789091066,0.586625508297254,-1,-0.4
eld_movef,0,1,0,2,-88,-381,2.39270902516547,0.586268579046781,0.880624894530072,1.05719969166282,0.861606065679083,0.846977720402283,1.13370909453066,1.08203692991806,1096.23835523095,1412.04726620799,NaN,-2693,85.4614801059991,74.8435009499746,NaN,NaN,0.00227323791428475,0.00242557212659932,0,0,0.00170891996730772,0.00186114856758291,0.000252972426005565,0.000159303017364857,0.335718884425591,0.309503241515099,NaN,NaN,0.641188534318979,0.583785597076986,NaN,-1
eld_movef,0,1,0,3,-90,-482,2.38418206944697,0.578937949485442,0.864153773046752,1.02943560641499,0.866015080294443,0.835800373226116,1.12544466589747,1.04761971634189,1161.77094044527,1304.44424809449,-4689,-1263.6,101.162064206807,79.5631139302886,NaN,-294.333333333333,0.00220345153892252,0.00245253994073599,-0.000857771663557615,-6.45526168783629e-05,0.00168626156960199,0.00191528958845737,-0.00024188494798847,0.00012931364623858,0.413968377857067,0.358925821750419,NaN,-0.333333333333333,0.554197787302455,0.578712213871083,-1,-0.8
eld_movef,0,1,0,4,-82,-368,2.37945042601359,0.561909489984732,0.839156361046252,0.987858746375097,0.839309132569297,0.811894247447113,1.08365389232609,1.00803643131,1159.34200463719,1358.44242638312,NaN,-2184.14285714286,49.874493093469,96.8619659606267,NaN,NaN,0.00218682316474777,0.00234297492407352,0,0,0.00155311094790417,0.00182913352805966,-0.000247586036147561,-0.000155551916253064,0.346882334532937,0.351149497020806,NaN,NaN,0.572775191026818,0.57729352304737,NaN,-0.714285714285714
eld_movef,0,1,0,5,-90,-421,2.37590838601039,0.577464882418134,0.844434801135054,1.02748775170747,0.875041040769418,0.834834997349196,1.13617349639254,1.04370932006605,998.747948852856,1379.41135020754,NaN,-2459.42857142857,83.720162057204,87.0970340770928,NaN,-456,0.00222154514399443,0.00240497612387993,0,-1.47793443882829e-05,0.0017298057821281,0.0019054946516034,0.000253036437246964,2.91794927633819e-06,0.302881175133007,0.382131404185485,NaN,-1,0.566470560099488,0.601010477032373,NaN,-1
svc_filter,0,1,0,1,-97,-450,2.38128967285728,0.580726973286896,0.859982839826975,1.03924457862062,0.859368820891344,0.828305169030199,1.11994750544713,1.03807759099063,1014.39393228055,1326.75826658648,NaN,-2761.11111111111,68.2305088517505,77.0833445057005,NaN,-160,0.00216958543916644,0.00241548356295134,0,-3.25990304224335e-05,0.00170089730305883,0.00191403508561957,-0.000247463499133878,4.01426870920625e-06,0.278236872153644,0.347972139989263,NaN,-0.333333333333333,0.626542080767433,0.58512550758444,NaN,-0.777777777777778
svc_filter,0,1,0,2,-100,-366,2.4011994755088,0.591364906188136,0.910422957045825,1.06625109250072,0.853375553662855,0.842835642076455,1.11185167900147,1.06442960329013,821.045427026226,1299.08723320677,NaN,-3478,42.788201610344,61.6072195760598,NaN,NaN,0.00223990050527472,0.00240250785686274,-6.97495989398061e-05,0,0.00176918197779339,0.00185759572283894,-0.000495049504950495,0.000222415025373941,0.297826996020773,0.346181990238966,NaN,NaN,0.549624716486315,0.579612940268659,NaN,-1
svc_filter,0,1,0,3,-88,-418,2.37839382641177,0.575945048893026,0.832856511248809,1.02155409428409,0.869009393799464,0.829846703279461,1.12729754977337,1.03334773679045,980.013208156223,1329.78233135055,0,-1279.07692307692,75.5532182708883,93.0832326519268,NaN,0,0.0021472316828294,0.00244539560033721,0,-3.88407046460014e-05,0.00168171022734546,0.0019272590284348,5.51444474335242e-06,-0.000152983236524821,0.364146237327717,0.375831286418881,NaN,0,0.535226415741122,0.593752193756383,0,-0.538461538461538
svc_filter,0,1,0,4,-106,-459,2.37941357265109,0.566756879871327,0.839245665010311,1.00098039515896,0.841947284531203,0.823301157060996,1.08725500077281,1.02802533787867,913.154072530565,1377.60956370258,-1097,-2073.66666666667,51.6498039800336,68.1308820347281,NaN,0,0.00219141970377803,0.00237569333305102,0,-1.32796834123475e-05,0.00165955175358642,0.00191264195771042,0.000260795713064343,4.09623876078749e-06,0.313632774538387,0.362762398599894,NaN,0,0.555303299519717,0.598233053910678,-1,-0.666666666666667
svc_filter,0,1,0,5,-95,-428,2.39353431729721,0.581538335170713,0.88098846723335,1.04108197757351,0.871152448038776,0.838126136984209,1.13576581275498,1.04930883199534,1101.66350403862,1322.60085443745,NaN,-2055.90909090909,73.3012656397386,67.2048367496559,NaN,0,0.00219488878268903,0.00243007930080983,0,-8.59692459344919e-05,0.00169714815346877,0.0018991076978194,0,4.66262365894692e-06,0.314944492975446,0.332237928154268,NaN,0,0.571177496498692,0.585852988377541,NaN,-0.818181818181818
svc_filter,0,1,1,1,-98,-389,2.36575036896035,0.572918889186491,0.835524318135494,1.01087945074111,0.851598728169455,0.819620327111337,1.10644032395765,1.02150025037481,1097.52490871571,1359.55945734331,-1460.5,-2643.125,57.0807761420969,62.6490977843667,NaN,0,0.00218100280513371,0.00237342546635426,0,-1.43443210832831e-05,0.00192908312405212,0.00184588145689273,0.000265915000210561,9.80025084828529e-05,0.268588591701799,0.32913583467292,NaN,0,0.574754680998613,0.585046435774934,-0.5,-0.75
svc_filter,0,1,1,2,-129,-355,2.40499352814801,0.582182957647308,0.89740696530387,1.04579809553032,0.863707711801102,0.839468329696774,1.12671968745987,1.05553136862539,799.496260989233,1362.32112832075,0,-3243.5,52.5168874809401,59.2428400712729,NaN,0,0.00249603594734866,0.00238391223955415,0,-1.72505994583312e-05,0.00197713563895127,0.00184026829291756,8.1684395557635e-06,0.000128538709257711,0.258721816517759,0.290599819777158,NaN,0,0.510263958203369,0.587217915671949,0,-0.833333333333333
svc_filter,0,1,1,3,-114,-464,2.39778455183006,0.581918855825106,0.891778013809725,1.04349571619439,0.872268191192772,0.83430118475559,1.14455163912207,1.04673169497437,979.08311546841,1420.61291020775,-228,-3217.8,40.6508359095048,70.0822124923382,NaN,-481,0.00232431436071591,0.00244758326837125,-0.00168350168350168,-1.80404466814598e-05,0.00198571990572839,0.00189872410141304,-0.000240337329708518,6.57293244710062e-05,0.262142960471938,0.351026300033041,NaN,-1,0.534229000242072,0.585953860306255,-0.5,-1
svc_filter,0,1,1,4,-117,-364,2.38284500341012,0.570819171816182,0.841712935586905,1.00342357999187,0.843381776538793,0.82173857374531,1.0896777270221,1.02473053074428,878.78356534266,1453.09734715816,NaN,-4574.5,46.9048292800301,66.5051854906209,NaN,0,0.00220910192487554,0.0023847922286823,0,-5.42008404043132e-05,0.00188762152330908,0.00182585013355731,0.000764525993883792,0.000159511463769277,0.265372362068617,0.339967359511079,NaN,0,0.518423492131969,0.588964798993946,NaN,-1
svc_filter,0,1,1,5,-114,-431,2.39163544243039,0.577432975780706,0.890927366415592,1.04242900856661,0.874140411141976,0.837825643026756,1.14406540766844,1.05591444389556,1183.88822783136,1272.53507836384,-2687.5,-1554.5,22.4367602413648,78.2585963041093,NaN,NaN,0.00222386813741349,0.00241025680935589,0,0,0.00195260620890636,0.00186993225054129,1.43748455334581e-05,-0.000155018103159138,0.275386538694434,0.33603955610041,NaN,NaN,0.553717779753897,0.579387502641103,-1,-0.625
