ParamVaried,wservice,eld_movef,svc_filter,Replicate,PopChange_E,PopChange_NE,PopPctChange_E,PopPctChange_NE,SAServiceAvg_E,SAServiceAvg_NE,SAServiceDelta_E,SAServiceDelta_NE,BldServiceAvg_E,BldServiceAvg_NE,BldServiceDelta_E,BldServiceDelta_NE,NormAssetsCity_Avg_E,NormAssetsCity_Avg_NE,NormAssetsCity_Delta_E,NormAssetsCity_Delta_NE,NormAssetsSA_Avg_E,NormAssetsSA_Avg_NE,NormAssetsSA_Delta_E,NormAssetsSA_Delta_NE,AttemptSA_Avg_E,AttemptSA_Avg_NE,AttemptSA_Delta_E,AttemptSA_Delta_NE,AttemptCity_Avg_E,AttemptCity_Avg_NE,AttemptCity_Delta_E,AttemptCity_Delta_NE,SuccessSA_Avg_E,SuccessSA_Avg_NE,SuccessSA_Delta_E,SuccessSA_Delta_NE,SuccessCity_Avg_E,SuccessCity_Avg_NE,SuccessCity_Delta_E,SuccessCity_Delta_NE
svc_filter_full_factorial,0,0.25,0,1,-88,-445,-2.17714002968827,-1.39088579108583,2.38999077788916,0.589274409178277,0.898869225149878,1.07292065875793,0.843273882340365,0.823094087958082,1.14123570644585,1.07741081412595,454.063785684487,1239.80453276142,0,-2277,56.1394252914319,89.9593118817604,0,0,0.00219581286279287,0.00239201133243775,0,-1.47852443261625e-05,0.0016947038687389,0.00192957401883449,0.000252908447142135,-3.0374129965052e-05,0.286292584835476,0.270380088394015,0,0,0.407564932355921,0.591206170452422,0,-1
svc_filter_full_factorial,0,0.25,0,2,-71,-460,-1.75699084385053,-1.43803926472427,2.38864525331174,0.583767267325904,0.904626811619182,1.06828969529268,0.858689326252684,0.824345319648422,1.17017032893537,1.0787001062126,818.46635826432,1307.40685717704,-1471.91904761905,-1586.44444444444,46.251451119867,69.4913261246106,-1,0,0.00217110911937591,0.0024288809172405,0,-5.17568665581901e-05,0.00159822798081362,0.00194767256112814,0.000251889168765743,9.9258549030233e-05,0.278643781163918,0.319846508696959,-1,0,0.451979813664596,0.582843078072713,-0.771428571428571,-0.666666666666667
svc_filter_full_factorial,0,0.25,0,3,-66,-469,-1.6328550222662,-1.4658540396937,2.36505892330999,0.574576374352674,0.843942423952126,1.03429735542017,0.849307419053564,0.810006132571693,1.15175047251394,1.05493149111002,1078.26912073652,1444.56529621322,0,-1708.25,46.1017905491306,99.3815222124044,0,-1,0.00220398365603205,0.0024208241923613,0,0,0.00151756030907122,0.00193047086802598,0,0.000445937770779285,0.252217658523657,0.379785331039104,0,-1,0.559112030412044,0.593809525053912,0,-0.75
svc_filter_full_factorial,0,0.25,0,4,-80,-405,-1.97921820880752,-1.26582278481013,2.37823624026924,0.575077618995304,0.868545395695107,1.03291331918055,0.841104350277313,0.802862057222557,1.13110348698405,1.03610196666712,897.027388687086,1339.64088816402,-2607,-2296.66666666667,62.9238303244491,67.1739513712157,0,0,0.00220701280674172,0.00234098003892352,0,0,0.00156689835178903,0.00188711393322034,0.000252397778899546,0.000222791221384752,0.403084251046322,0.31743800392846,0,0,0.57087133842869,0.602333082358947,-1,-0.666666666666667
svc_filter_full_factorial,0,0.25,0,5,-96,-453,-2.37564959168523,-1.4160232565409,2.38988220310788,0.591458981965629,0.918346165866946,1.09308633755238,0.846332874730704,0.83033151972773,1.1539995450263,1.09500642539173,1053.11909829865,1409.90981749402,-2191,-2810.5,147.307351598047,65.605001826537,0,0,0.00225936493809285,0.00240189025201439,0,0,0.00164072756009922,0.00192524249583292,0,0.000256356186041996,0.345512588315989,0.340988244274945,0,0,0.566794082895614,0.572401176461058,-1,-0.833333333333333
svc_filter_full_factorial,0,0.25,0,6,-83,-473,-2.0534388916378,-1.47840220041258,2.38859111955832,0.578599577156929,0.906580948953585,1.05610297519502,0.842770753226305,0.800215196402175,1.15033792746935,1.04806605246752,796.858235740047,1401.67796433451,-936,-2127.5,131.591593278321,65.3092383205081,0,-132,0.0021511038269801,0.0023717370094798,0,0,0.00158292010900934,0.00194657365393934,0.000505178075271533,0.000382574667301688,0.315582827219902,0.402857958654555,0,-1,0.403917072589594,0.606668571858177,-1,-0.75
svc_filter_full_factorial,0,0.25,0,7,-74,-482,-1.83168316831683,-1.50657956427969,2.39264013624997,0.579559472100712,0.900394524492068,1.06116398580255,0.846308173235164,0.820071059657122,1.1483230909486,1.07370293682401,849.616961279461,1464.32264641706,0,-4106,82.2452280282832,67.7723410613646,0,0,0.00227806903983466,0.0023912478388012,0,-1.56936597614564e-05,0.00161421595231925,0.00193067412487909,0,0.000255792046668503,0.308441066849283,0.327663726799678,0,0,0.4878367003367,0.609703616882745,0,-1
svc_filter_full_factorial,0,0.25,0,8,-67,-461,-1.65841584158416,-1.44094020566999,2.39149992951785,0.577615070341438,0.900540745698273,1.04565497873694,0.845602142392376,0.814929382536586,1.14232296105411,1.05882695173134,1168.2130050165,1410.41189090699,-1709,-3056,62.6418476798175,67.385313070328,0,0,0.00218589612604016,0.00243750123455807,0,0,0.00154151447053251,0.00196079721309943,0.000251698968034231,0.000352964753853555,0.277962388587077,0.299428178752475,0,0,0.604123436052164,0.603674599455975,-1,-0.888888888888889
svc_filter_full_factorial,0,0.25,0,9,-78,-399,-1.92973775358733,-1.24703087885986,2.39685962037797,0.580991352341463,0.90885471858794,1.05577623668047,0.841545141294137,0.815141038613956,1.13682536867229,1.05946196766204,794.767572570798,1400.02374564311,-758.5,-2336.2,60.3065542878679,104.030100839506,-72.0652173913043,0,0.00223270364020739,0.00237639706467507,0,0,0.00154894682880629,0.00189869358803435,0,-9.29723852282497e-05,0.319084670768297,0.378147478299245,-0.417391304347826,0,0.530111465595337,0.559610602662459,-1,-0.6
svc_filter_full_factorial,0,0.25,0,10,-80,-492,-1.97970799307102,-1.53793254352787,2.37842791324003,0.571910492711481,0.866220010296676,1.0315675326432,0.838759973532575,0.808163657384969,1.12981638851496,1.04605894158409,995.548740436222,1370.93969591678,-1882.5,-1993.42857142857,64.0354982215071,60.3593674215684,0,0,0.00224168777991958,0.00238805098608918,0,-2.99301739318118e-05,0.00163380952486147,0.00194923892592901,0,-9.18233823916013e-05,0.24433635400135,0.316758744307933,0,0,0.559485453653884,0.578315777009422,-1,-0.714285714285714
svc_filter_full_factorial,0,0.25,1,1,-84,-398,-2.07715133531157,-1.2440221298409,2.39303567411199,0.58261959692788,0.88521596595048,1.04924532676713,0.849991492222769,0.816498992776336,1.15311855636837,1.06296079172174,839.364845258033,1448.76583707906,0,-2132.57142857143,46.0631905490313,68.2180961936519,-54.8245363766048,0,0.00227523277122013,0.00242861520433527,0,0,0.00180483008285093,0.00193925892506051,0,6.6057336575055e-05,0.231318747353156,0.282427274917255,-0.356633380884451,0,0.564310676776801,0.615905660269476,0,-0.714285714285714
svc_filter_full_factorial,0,0.25,1,2,-94,-420,-2.32615689185845,-1.31295132701866,2.39105955020261,0.568536938826209,0.901508769717152,1.02547549224904,0.839892447183643,0.798418215177935,1.13957232471139,1.03400576870658,1177.00856926658,1446.0304636296,-3787,-2970,55.5718509172834,39.2236413765123,0,0,0.00212624953000258,0.00240363901517771,0,-1.80404466814598e-05,0.00181223187745852,0.00189036646945173,0.000253356979984799,2.49539357031011e-06,0.132641880656057,0.274999321079286,0,0,0.573676787788286,0.606557833976068,-1,-0.833333333333333
svc_filter_full_factorial,0,0.25,1,3,-68,-427,-1.68316831683168,-1.33462524223292,2.35842700922754,0.570256956681785,0.82914170943364,1.01959303345098,0.826453777119459,0.794008431446803,1.10770213301247,1.02232433043437,974.763593495298,1332.66296736283,-2490,-1673,28.2983880564861,61.8098301819597,-1,0,0.00209527034372994,0.00237729725809496,0,0,0.00168613003938817,0.00187534477957879,0,0.000159661632631133,0.226295130600367,0.274857092329021,-1,0,0.465408977613135,0.580626203469856,-1,-0.666666666666667
svc_filter_full_factorial,0,0.25,1,4,-104,-478,-2.57425742574257,-1.49421694279462,2.4135548280591,0.609380030612677,0.970867559029952,1.13912098304113,0.873155583047006,0.853050055212567,1.19390791730664,1.12854325780676,998.95194876164,1374.08338041464,-4582,-1432.14285714286,31.7864387733344,107.40975315715,-54.9688346883469,0,0.00233425129381689,0.00241058712029952,0,-1.47911489764525e-05,0.00193637517497449,0.00196651145535409,0,0.000225456816006462,0.260745395017402,0.334098909606601,-0.350948509485095,0,0.433935370749266,0.594370164241961,-1,-0.428571428571429
svc_filter_full_factorial,0,0.25,1,5,-70,-476,-1.73267326732673,-1.48773245819659,2.36369964555848,0.570176440151964,0.871509821590812,1.04443312215366,0.84490488435338,0.810066872419723,1.1479780361935,1.05986349729429,836.061997417072,1428.50914311319,-4622,-2689,46.0595410999257,76.0902989152479,0,0,0.00221606590852413,0.00241801125793752,0,-1.56936597614564e-05,0.00182512705288323,0.00195729189663865,0,0.000130211658747859,0.187015228361382,0.327123327004428,0,0,0.374860685974413,0.586922772345412,-1,-0.857142857142857
svc_filter_full_factorial,0,0.25,1,6,-68,-438,-1.68275179411037,-1.36922066960518,2.39354405929777,0.581976482373572,0.90149557853989,1.06383115820612,0.854458631217993,0.817330342377555,1.16283907830955,1.06898577549864,1199.62726089369,1451.48831530407,-2130.5,-1818,48.0636589600875,110.498001997187,-51.9166666666667,0,0.00224376112099382,0.00240689864829058,0,-7.78866124126314e-05,0.00181976028305452,0.00193389788738594,0,0.000128080777791137,0.253844185371279,0.328853718451325,-0.344827586206897,0,0.592308428967985,0.618194690658652,-0.5,-0.666666666666667
svc_filter_full_factorial,0,0.25,1,7,-83,-427,-2.05394704281119,-1.33462524223292,2.37417711632714,0.580144768050849,0.874051419794862,1.05298417920877,0.837471909781254,0.806265100537731,1.13958256646643,1.05337599643275,696.538120097519,1467.96552881842,-2431,-1728.5,80.9226179978502,98.5815767965005,-61.076813655761,-1.5,0.00214242571255862,0.00238075958378798,0,-7.54585558393313e-05,0.00171715324606308,0.0018752734071785,0,0.000255965961749104,0.244853611649277,0.320814584563167,-0.366998577524893,-0.5,0.463592973405884,0.600336414787784,-1,-0.666666666666667
svc_filter_full_factorial,0,0.25,1,8,-57,-474,-1.41019297377536,-1.48143517939742,2.37307203802097,0.572538280079042,0.857991037965445,1.03349955097182,0.845091134823677,0.804493215960757,1.14514223934318,1.04353603181426,1510.13373373444,1389.5254860527,-480,-2344.75,27.3311359570662,94.1518765198731,0,-615,0.00217019862495496,0.00239130381928861,0,-4.38827453045463e-05,0.00176604724008738,0.00192806890570373,0,0.000128775376155571,0.131529516994633,0.329153141641063,0,-1,0.56333043985549,0.598042539077367,-1,-0.75
svc_filter_full_factorial,0,0.25,1,9,-92,-463,-2.27722772277228,-1.44714633993874,2.37596822497054,0.564770361428897,0.861362240263076,1.01617436816735,0.829316753117738,0.794434054278734,1.12271019362458,1.03239675701465,669.486081767695,1429.27407393779,-2525,-4412.5,27.4538130950592,106.863604167832,-44.6148255813954,0,0.00221198656489301,0.00237701608595459,0,-1.45585837409737e-05,0.0018632375325303,0.00194560155529067,0.000253292806484296,0.00041504642353228,0.137300756481166,0.372464994394144,-0.324127906976744,0,0.43976667060538,0.612461000930999,-1,-1
svc_filter_full_factorial,0,0.25,1,10,-96,-407,-2.37564959168523,-1.27231235737285,2.37585043603013,0.573994117660355,0.875284117281383,1.03958683502484,0.842560520912848,0.805630487460319,1.14314028827245,1.05262749407337,933.380631517413,1368.70275575553,-4574,-3838.5,14.4615992817016,61.5472736385098,0,0,0.00218233508771652,0.0024159649217072,0,0,0.00182120950979738,0.00194080020851303,0.000253485424588086,0.000160735189077398,0.245180205947233,0.273107311327526,0,0,0.531709293259978,0.602148170547385,-1,-1
svc_filter_full_factorial,0,0.5,0,1,-75,-554,-1.85597624350408,-1.73162879379864,2.38264220134661,0.569864496522615,0.887367891264648,1.03215729175401,0.843703812265678,0.802973096291243,1.1470218788004,1.04625040019105,700.935172175006,1333.46399943578,0,-2742.85714285714,49.499725806157,71.5912145921954,0,-151.666666666667,0.00217046071429395,0.00240877085329064,0,-4.13328159818696e-05,0.00160858596831228,0.00196795189543032,0.00100857286938981,3.56631577202171e-05,0.244593546737279,0.306435799156829,0,-0.333333333333333,0.455976810513539,0.591647220710105,0,-1
svc_filter_full_factorial,0,0.5,0,2,-102,-460,-2.52475247524752,-1.43808422171507,2.37720146364898,0.573630517164497,0.867718717313342,1.04017987070509,0.837312272183297,0.80599079106845,1.12786435028891,1.04769572030879,1017.06707245647,1445.42139661167,-3058,-215.833333333333,68.6034139349184,76.3088685019056,-14,0,0.00218863486251457,0.00237209321141165,0,0,0.00162508442957242,0.00194028778289597,0,9.78933946554669e-05,0.325457292667307,0.292892278411351,-1,0,0.46556723486447,0.60688857041394,-1,-0.333333333333333
svc_filter_full_factorial,0,0.5,0,3,-69,-497,-1.70834364941817,-1.55331916489561,2.37822518817279,0.5744223586301,0.862346787802934,1.04255495910464,0.837588350755833,0.80968692223569,1.13712120882039,1.06007471373068,816.772681511287,1380.26972382404,-2805.5,-2879.2,81.6302359479021,95.6224887169623,0,0,0.00222698673419418,0.00236213885311284,-0.000385226275987957,-0.000143000143000143,0.00159036193845343,0.00193239770193526,-0.000990344144590245,0.000161200862193872,0.316110990215517,0.299229026058614,0,0,0.587179749885126,0.606282567044563,-0.75,-1
svc_filter_full_factorial,0,0.5,0,4,-81,-424,-2.00346277516696,-1.32537276108906,2.36095463085873,0.562431829545611,0.822370500143577,1.01501525014973,0.821929933279633,0.794256021645281,1.10838707143774,1.03320469374057,1236.21202560255,1302.45367762411,-3067,-1537.25,88.0666626285334,47.481172382161,0,0,0.00210953864194421,0.00233026175624087,0,-5.04591785245736e-05,0.00161070917249095,0.00191448070756139,0.000252397778899546,9.67153961555917e-05,0.292029414738294,0.240903090083356,0,0,0.509923474458358,0.600767128167571,-1,-1
svc_filter_full_factorial,0,0.5,0,5,-74,-420,-1.83168316831683,-1.31291028446389,2.37752152561832,0.580397614171719,0.883428543255271,1.06065327816935,0.841669160316574,0.817345795873645,1.13798310246897,1.06953812672095,1338.11597491909,1433.07603979381,-4688,-2492.55555555556,94.7274857277479,77.9349826979801,0,0,0.00221346582389794,0.00238354003084637,0,-2.55251805906527e-05,0.0016650759791078,0.00193896656994316,-0.000247524752475248,-9.12840695089721e-05,0.347137769896474,0.335019646558473,0,0,0.668410699838188,0.604501454697051,-1,-0.777777777777778
svc_filter_full_factorial,0,0.5,0,6,-85,-505,-2.1039603960396,-1.57837162056571,2.37885535791545,0.569312684179509,0.861070635254617,1.0260712682221,0.839683507270319,0.80073622199598,1.13962696029688,1.04470253783895,896.716616352607,1476.20423977119,-415,-2622.55555555556,88.4490453186105,77.3472335239722,-1,0,0.00210683765752023,0.00238000739560241,0,-4.38827453045463e-05,0.00160819018143121,0.0019672262443717,-0.000242205004318384,4.51106528583404e-06,0.282340311325819,0.318601344694158,-1,0,0.507699515078076,0.615838884410738,-0.5,-0.777777777777778
svc_filter_full_factorial,0,0.5,0,7,-73,-460,-1.80648354367731,-1.43767970996375,2.3927046569427,0.582420044079671,0.906653976443932,1.07065204254567,0.844491250215109,0.819984189169104,1.15225735792522,1.07747330826045,829.395337234965,1402.41808631083,-3415,-1772.57142857143,63.8058995156734,73.452109328454,-15,0,0.00230533216107571,0.00236542685575042,0,0,0.00162207808237619,0.00194015113149924,-0.000247463499133878,3.49009887017206e-05,0.317201747720365,0.395597186024783,-1,0,0.571081713299465,0.615338033059425,-1,-1
svc_filter_full_factorial,0,0.5,0,8,-93,-478,-2.30084116773874,-1.49370332177119,2.37997426338346,0.56944361881954,0.889252030970064,1.03851705448646,0.842343830552645,0.806214456680348,1.14673954436714,1.05537217947951,1200.89625930276,1347.13957715229,-2560,-2131.125,21.0413244009389,78.399948153387,0,-160,0.00223514090963896,0.00235435907608314,0,-8.5990641060242e-05,0.0017093407045286,0.00195545533269361,5.82638938399272e-06,3.79076438605764e-06,0.198115825012147,0.298562185106586,0,-0.333333333333333,0.635297907795713,0.59311323176184,-1,-1
svc_filter_full_factorial,0,0.5,0,9,-82,-397,-2.0292006928978,-1.24112920874105,2.37585131800854,0.566253738452877,0.863056069523865,1.01008101787478,0.830771831863227,0.793481187068267,1.11550304403515,1.02391868275672,960.14193277664,1487.24508463018,-486,-1563,89.3256030144649,79.3817431323486,-880,0,0.00214732157410754,0.00235079861841486,0,-5.04591785245736e-05,0.00153866155180028,0.00187497666723276,0.0007577671129073,0.000381045706750941,0.290544359047098,0.356630594740511,-1,0,0.557698986866539,0.597997564110812,-1,-0.333333333333333
svc_filter_full_factorial,0,0.5,0,10,-116,-529,-2.87128712871287,-1.65359007220781,2.38466876292718,0.567719929751644,0.883017353820169,1.02638812736888,0.837714538724345,0.7958184064282,1.14127231429806,1.03653016461539,1102.29848039216,1383.47554507852,-2580.5,-2049,86.3870316135646,90.8141762552274,0,-228,0.00219300800759482,0.00240347941385961,0,-5.86679896307087e-05,0.00165810242282965,0.00196147240916172,0,9.90322072676418e-05,0.263902773252504,0.30330386298685,0,-0.5,0.56156862745098,0.593753208507829,-1,-0.857142857142857
svc_filter_full_factorial,0,0.5,1,1,-111,-436,-2.74684484038604,-1.36292591434823,2.37887661895844,0.573142192731147,0.860129365559288,1.03032325610616,0.837087674948643,0.805991041269641,1.12938583558727,1.04827581352556,1127.06884762015,1337.60763390378,0,-3036.875,25.0996138047221,50.2007890615515,0,0,0.00214964475452668,0.00241129411329584,0,-9.95360675592261e-05,0.00190945658121123,0.00191382999398494,6.98942707477365e-06,3.51471785874329e-05,0.162910371710065,0.33104331853487,0,0,0.517243287804728,0.565492238089205,0,-0.875
svc_filter_full_factorial,0,0.5,1,2,-93,-498,-2.30027207519169,-1.55644455556945,2.39346279317677,0.578899773266599,0.91605082939166,1.06079497227373,0.844952966469984,0.814378381972083,1.15543605162282,1.07197734784553,1083.17992569177,1391.9803821582,-10.5,-2987.4,29.052087771193,90.3357591846096,0,0,0.00226592016082597,0.00239730726000244,0,0,0.0019795502199813,0.00197379125322797,0,0.000383447273724632,0.15765538374338,0.314144378362412,0,0,0.60076487313729,0.589971038461707,-0.5,-1
svc_filter_full_factorial,0,0.5,1,3,-60,-328,-1.48514851485149,-1.02519222354191,2.38108383515175,0.569325131688898,0.877111677892698,1.02196203448173,0.847329733666857,0.796724347185122,1.15564371543871,1.03451215601031,930.764612280808,1403.47952713484,-4689,-2542.72727272727,81.8248535498249,77.7549313865844,0,0,0.00215678727648188,0.00242097968673025,0,-5.67297936319802e-05,0.00181901288088584,0.00189509809271015,3.73152893178767e-06,-5.95979553909679e-05,0.268546641197071,0.264989008580197,0,0,0.476675065604566,0.58631098406718,-1,-0.909090909090909
svc_filter_full_factorial,0,0.5,1,4,-75,-453,-1.85643564356436,-1.4158904794649,2.38352877886103,0.573886910473499,0.876026053286502,1.03943616097067,0.843863508873364,0.803527365174583,1.14138153334557,1.04131893544659,1059.83354731798,1349.62853051443,0,-1568.33333333333,30.5620169429371,83.5006528131257,0,-307.5,0.00223200797518357,0.00235504143213909,0,-4.38308130615823e-05,0.00181187610468753,0.0018904711955438,-0.000247524752475248,-6.07161019381791e-05,0.19184903667717,0.360224942796739,0,-0.5,0.582677721381626,0.582564540444548,0,-0.666666666666667
svc_filter_full_factorial,0,0.5,1,5,-90,-496,-2.22606975018551,-1.55043606014191,2.37852583714945,0.574232906033119,0.888531453488848,1.04997287499722,0.838051983733579,0.812146623590961,1.13813184450592,1.06156746065421,1105.01281716409,1244.14047434368,-1,-1667.57142857143,23.6197117156971,99.0520640158978,-164,0,0.00215343794797372,0.00237209810168841,0,-1.80404466814598e-05,0.00187241012369177,0.0019494367030852,0.00152346589868501,3.51970320434969e-05,0.152467666852263,0.377209263810255,-1,0,0.575431897311537,0.585102095832266,-1,-0.571428571428571
svc_filter_full_factorial,0,0.5,1,6,-90,-395,-2.2271714922049,-1.23472226563721,2.38055662519029,0.570414857472247,0.873904655189372,1.03398357249658,0.84274379258565,0.802946047575143,1.14360139901508,1.04546876889402,1054.82925137592,1458.31695727715,0,-1610.88888888889,32.2044100708505,63.7344970480597,0,0,0.00216188819835835,0.0023123582385308,0,0,0.00181898725980564,0.00187659806688463,0.000253100480890914,-9.14316684419753e-05,0.165510262075845,0.363458053012243,0,0,0.58818200371285,0.608274489564566,0,-0.555555555555556
svc_filter_full_factorial,0,0.5,1,7,-97,-408,-2.4009900990099,-1.27539856205064,2.39108625928291,0.578184821230068,0.900999945901741,1.05036761585252,0.848017711569014,0.811361280325096,1.15567869310759,1.06427310382378,1219.72753159829,1377.26179484343,-4233,-3493.83333333333,40.7632362050917,89.2623327100386,0,-306.5,0.00220981838101154,0.00243923162040778,-0.000124285359184688,-9.68290056819606e-05,0.00183178653175001,0.00189608801945863,-0.000247524752475248,0.000224068264002376,0.333297788928101,0.376856840969918,0,-0.5,0.459993623312529,0.608067045647741,-1,-1
svc_filter_full_factorial,0,0.5,1,8,-82,-319,-2.0292006928978,-0.997155449970304,2.3894759593185,0.582262334028999,0.881403031723262,1.05480278891586,0.862281018450271,0.818308571983589,1.16901144056898,1.06355860931088,1017.20260377968,1394.81487068611,-4615,-1032,50.1772603485839,69.775502093346,0,0,0.00219009312635963,0.00238391779434886,0,0,0.00181595125186587,0.00184542571264429,0.00176812326345037,0.000221959922439351,0.217238562091503,0.321844621527687,0,0,0.447627664641394,0.594194776937541,-1,-0.333333333333333
svc_filter_full_factorial,0,0.5,1,9,-83,-383,-2.05445544554455,-1.19702462807851,2.3873402229604,0.577053863458178,0.897638736218408,1.04763429499191,0.841802220770371,0.809656762126587,1.13830584004586,1.05244712756694,936.962660836706,1352.46963233715,0,-2327.33333333333,51.1710495164721,45.3948942429021,0,-203.666666666667,0.00220762467069706,0.00233504272496071,0,0,0.0018205341096144,0.00186215571128344,-0.000247524752475248,0.000285828954507397,0.300204312293514,0.291685934426563,0,-0.333333333333333,0.542675273550596,0.588595132313604,0,-1
svc_filter_full_factorial,0,0.5,1,10,-76,-363,-1.88118811881188,-1.13483602713602,2.36895423325685,0.573003038255361,0.833915023587211,1.0263642381506,0.823609179533642,0.799987265152944,1.10164534947204,1.03389600752814,1321.7090020411,1396.7942519484,-4685,-2344.5,49.6556604951885,54.8911240391737,0,-227,0.00204439440300832,0.00237134073693222,0,0,0.00177920494759802,0.00187927087594868,0,0.000222068578312128,0.214005836746667,0.297181843695127,0,-0.5,0.665676693016953,0.581308496052506,-1,-0.5
svc_filter_full_factorial,0,1,0,1,-103,-532,-2.54887404107894,-1.66281177720823,2.38039473988076,0.569862720025405,0.870906449798675,1.03374302160514,0.846507877863942,0.801706091939134,1.15080763796465,1.04715453030846,675.848646770961,1446.76865203614,-2336.5,-3223.28571428571,72.5330360898641,86.3850710149178,0,0,0.00214132244483561,0.00234444064716399,0,-3.39477883015922e-05,0.00172115114948241,0.0019554416676797,0.000507872016251904,0.000194405849100648,0.283117166020087,0.338098739026863,0,0,0.535248816259047,0.594895533945761,-0.5,-0.857142857142857
svc_filter_full_factorial,0,1,0,2,-109,-473,-2.6980198019802,-1.47821738858679,2.37239334434108,0.572842120169048,0.840297102536626,1.02870520066309,0.831765865359867,0.805409080950431,1.12057128594641,1.04295775251117,1276.96599216447,1343.18842440512,-3232,-1812.125,101.86713550231,108.078317525323,-296,-240,0.00222755127969921,0.00237151513338412,0,-6.18624766628661e-05,0.00172204378794075,0.00195831706119093,-0.000247524752475248,-9.1411343661001e-05,0.25541754756871,0.399670173766972,-0.5,-0.5,0.520846277261739,0.580598038407416,-1,-0.625
svc_filter_full_factorial,0,1,0,3,-96,-566,-2.37564959168523,-1.76913699871847,2.37873654731934,0.5785829258565,0.893314026767625,1.06093226672341,0.854991369976376,0.81349202630755,1.16639888163785,1.06309666448382,1433.31046452477,1436.04121699639,-2608.5,-2023.14285714286,93.4763818794658,121.206156528723,-852,0,0.00223066011823246,0.00238949789668402,0,0,0.00177158459553594,0.00196799040159667,0.00126742712294043,0.000258498730070013,0.275578675796885,0.368945272095163,-1,0,0.595147925033467,0.580749194877292,-1,-0.714285714285714
svc_filter_full_factorial,0,1,0,4,-109,-435,-2.6980198019802,-1.35971492873218,2.38882810981356,0.579526944600809,0.897283961671962,1.05620887785161,0.849681316624416,0.82073306539324,1.15009940815217,1.07086680388956,1346.7482271579,1345.74698200049,-2159.5,-489,40.9380334949714,34.857499168452,0,0,0.00229564846035233,0.00234764737927178,0,0,0.00182491413422789,0.00190619477287898,0.00178071737471381,0.000127616512931351,0.191346357155992,0.238377709394495,0,0,0.607904325111867,0.587921126596223,-1,-0.5
svc_filter_full_factorial,0,1,0,5,-98,-512,-2.425142291512,-1.60055018912751,2.3756138215297,0.572883778453094,0.869359512091048,1.04078743160173,0.835485084827962,0.802770539298184,1.13056988197077,1.04575785422548,1020.52123415356,1463.19084404627,-2358,-3475,107.293754672495,80.8052006452268,0,-535.5,0.00221148544121597,0.0023807088468796,-0.000124285359184688,-7.78689125933537e-05,0.00178254620898283,0.0019724336999344,6.15050035889425e-06,-5.947059709851e-05,0.386515430322969,0.362688611085049,0,-1,0.543231243620991,0.603891168027922,-1,-0.875
svc_filter_full_factorial,0,1,0,6,-88,-400,-2.17821782178218,-1.25019534302235,2.397728791064,0.57566909265613,0.912041659946383,1.03997854452456,0.830573617911482,0.803913062035121,1.1140045006805,1.04280321121167,1017.65150339677,1495.09363977159,-2,-2891.8,39.3372538448925,125.941037875803,0,-163.5,0.00237726972459735,0.0023589716680358,0,0,0.00168603481990076,0.00188808185977286,-0.000247524752475248,0.000318484246467831,0.207385295658909,0.300062437115706,0,-1,0.587278476413562,0.612482908078784,-1,-1
svc_filter_full_factorial,0,1,0,7,-96,-457,-2.37623762376238,-1.42839282365444,2.38812595083993,0.580068922604701,0.895426645547455,1.06481478933095,0.848409910308914,0.819580268126917,1.15010350983623,1.07280210759718,1402.575198336,1396.1810188776,0,-2140.14285714286,61.4971165867042,83.1915258871084,0,0,0.00217117801700082,0.00240612470118128,0,0,0.00173015798887207,0.00192721425574398,-0.000247524752475248,3.48792687210518e-05,0.246041114703425,0.327914826414702,0,0,0.573217611534194,0.60018983254428,0,-0.857142857142857
svc_filter_full_factorial,0,1,0,8,-105,-462,-2.59836674090572,-1.44393049131141,2.37730189649496,0.577783015858288,0.858296098896707,1.04548458451701,0.846345334576619,0.809921026751527,1.14599741319841,1.0518234761121,989.654133471092,1359.98010231098,-2,-2073.77777777778,94.8187651282956,75.2170043701318,0,0,0.00218308069869955,0.00236125414204294,0,-1.26795744734807e-05,0.00167593052565824,0.00192347266897163,0.000260666582166935,-9.10143418463237e-05,0.244126974084842,0.348389907831933,0,0,0.575644601314684,0.613923080621695,-1,-0.666666666666667
svc_filter_full_factorial,0,1,0,9,-120,-428,-2.97029702970297,-1.33766720840105,2.36988539266298,0.572590179337842,0.868069221994126,1.0394737762015,0.843022756692732,0.804931277590423,1.14050966483497,1.04601553560073,945.225374268478,1435.76331289191,-2338.5,-1079.4,51.9337510761881,75.814470667777,0,0,0.00221839842501748,0.00236640634322863,0,-6.36375206821942e-05,0.00174673629079885,0.00188403522357996,0.000510204081632653,6.54740040680453e-05,0.208149805376696,0.373869245508015,0,0,0.481167201856857,0.602268723299674,-1,-0.6
svc_filter_full_factorial,0,1,0,10,-95,-387,-2.35090324177184,-1.20986650826898,2.37338089265952,0.585476213936172,0.879329055968308,1.0717062222293,0.837338803720712,0.821702607603142,1.13369236598925,1.07852718706285,1106.76099035618,1284.38136451554,-617,-1079.33333333333,122.60563260505,82.8221388506446,0,-456,0.00216169314350209,0.00241162095622612,0,-1.47911489764525e-05,0.00169255286334228,0.00187619701476602,-0.000247463499133878,-6.0993924351388e-05,0.294441177374067,0.384254758275264,0,-1,0.540627691340563,0.587750270158609,-1,-0.833333333333333
svc_filter_full_factorial,0,1,1,1,-110,-510,-2.72277227722772,-1.59404888416578,2.38969643456467,0.57772264004737,0.912784145225708,1.05737925604695,0.842625366797202,0.815428021246917,1.14659143705494,1.06798007276911,1016.89472713079,1361.38267645762,-1094,-2585.88888888889,21.6286534658335,52.9903177840227,-1,0,0.00223866262779805,0.00238670090089445,0,-3.88143937363423e-05,0.00203956648033626,0.00194042007808351,6.92817373340387e-06,4.55673991789227e-06,0.209585814501653,0.327832444638158,-1,0,0.559811227024342,0.612146635763597,-1,-0.666666666666667
svc_filter_full_factorial,0,1,1,2,-81,-361,-2.0049504950495,-1.12833656310558,2.38556616902451,0.567555668279359,0.864575441373151,1.01340341752203,0.830760330413582,0.793444028649942,1.12256310236554,1.02635157224298,1143.22239837002,1571.62906075806,0,-1673.75,25.6868453783958,96.036037488211,0,0,0.00219664099018794,0.00238341149996845,0,0,0.00189976753826804,0.00184568354671384,-0.000247524752475248,0.000191102123179092,0.172332127787824,0.391027696611038,0,0,0.546475961642531,0.612681996066163,0,-0.75
svc_filter_full_factorial,0,1,1,3,-91,-415,-2.25191784211829,-1.29695605975373,2.38327387953916,0.573106602932566,0.878573539372331,1.02944497867871,0.839410312312463,0.812952210715997,1.13193872868671,1.05446819917597,805.353547636093,1352.64815631511,0,-4209,117.838611005335,87.586909111871,0,-646,0.00223689903406322,0.002374877716563,0,0,0.00191891167020316,0.00187138079810223,0,0.000190386269847625,0.202863680126439,0.334383743113918,0,-1,0.538983940432157,0.587076818333996,0,-1
svc_filter_full_factorial,0,1,1,4,-100,-394,-2.4740227610094,-1.23151939486763,2.38242939646348,0.576786861566816,0.887803110578677,1.04977544338955,0.840662134389073,0.805307218402196,1.14442745045371,1.05306215539436,1475.52283576279,1380.8298704296,-4672,-1891,53.8964090828699,64.1451788790423,0,0,0.00210620068497976,0.00237763986788446,0,-1.32796834123475e-05,0.00195112543613416,0.0018825179283506,0,0.000160960991095944,0.236923706294856,0.370997761925284,0,0,0.646694647805226,0.599290024562766,-1,-0.714285714285714
svc_filter_full_factorial,0,1,1,5,-123,-376,-3.0438010393467,-1.17525708748789,2.38453345868443,0.570425673816821,0.873140600756825,1.02298925764593,0.826336308035328,0.799898249263351,1.11952636553031,1.03869032760148,912.336693442995,1541.80123450082,-2491.5,-2742.2,45.0116417468477,79.0675027070295,0,0,0.00229857347806635,0.00239108764065827,0,-8.91627012728469e-05,0.0020553229080471,0.0019075207338889,1.55375244479158e-05,0.000288374156585027,0.108950336352793,0.379621026362394,0,0,0.556681234440343,0.621873281756699,-1,-1
svc_filter_full_factorial,0,1,1,6,-107,-390,-2.64720435428006,-1.21901665989435,2.38697099560085,0.576670950125697,0.880221404836663,1.05781382706733,0.838988644357033,0.811160732940823,1.1348248825911,1.05777941945605,1203.7855979606,1379.43809638042,-4,-2527.8,52.1297660196154,103.938614302728,0,-262.5,0.00218070559755957,0.00237888031766419,0,-3.28285827104257e-05,0.00197196678862463,0.00188820861297049,0,3.35712063093604e-05,0.302422953534842,0.363675777032896,0,-1,0.594468760258234,0.609288677064122,-1,-1
svc_filter_full_factorial,0,1,1,7,-94,-449,-2.32558139534884,-1.40334427254258,2.37022251598473,0.569027201426316,0.841129470285238,1.0172100650505,0.818144850660803,0.789893350865882,1.09906559707608,1.01934808318962,1227.19875940875,1473.241841255,-3618,-3123.57142857143,63.5566830024294,53.5846819141504,0,0,0.00221679751819959,0.00236918082955811,-6.97495989398061e-05,-2.42706664725013e-05,0.00195912957230259,0.00187271315066533,-0.00024740227610094,3.48137354681412e-05,0.21282417214184,0.333909332727401,0,0,0.580900877133159,0.597509371873781,-1,-0.857142857142857
svc_filter_full_factorial,0,1,1,8,-114,-579,-2.82108389012621,-1.80977088738161,2.39625731245229,0.582377338489356,0.907858622826139,1.06824357046089,0.863367931732995,0.82368523942812,1.18073720885614,1.08141535850935,929.040145723716,1310.03097017505,-1,-2389,25.8046866362001,80.223480057612,0,0,0.0022378818439225,0.00242719108558016,0,-1.26795744734807e-05,0.00201317045241332,0.00196385717118276,0.000254647313470843,0.000320057717152271,0.210233351006384,0.325082544872778,0,0,0.568434660495133,0.580946022200198,-1,-1
svc_filter_full_factorial,0,1,1,9,-111,-500,-2.74752475247525,-1.56289072268067,2.38547344583889,0.572050031140997,0.928752956294946,1.05366348681655,0.844008687063828,0.817100129939472,1.1450391055055,1.07008925120109,1045.52373237438,1470.58389015376,-1734.75,-2782,31.1212961276497,76.3568675795088,0,0,0.00229951217709183,0.00238213634170552,-6.33111744222855e-05,-1.26795744734807e-05,0.00201029543762686,0.00194287297838342,-0.000735581320921606,0.000256514179351392,0.193914275820353,0.330007470842939,0,0,0.548854532567197,0.590706631310708,-0.75,-0.8
svc_filter_full_factorial,0,1,1,10,-82,-426,-2.02819688350235,-1.33162451939608,2.38510879472329,0.577990725978739,0.897225555007068,1.05095440602429,0.825744078809801,0.802724553227776,1.12121617369201,1.05207282807147,1286.06949655608,1588.45702683182,-4689,-4233,45.7986241915557,112.065728304897,0,-615,0.00218730916218515,0.00235412818268777,-0.000268384326355341,-6.29881582262535e-05,0.00198566803697258,0.00185812645431104,0.00025758191588867,0.000158825162211119,0.186856871112906,0.368272013642864,0,-1,0.654419352577247,0.617508008616036,-1,-1
svc_filter_full_factorial,0.25,0.25,0,1,-68,-428,-1.68191936680683,-1.33783445861465,2.42348983363685,0.573733283803264,0.94195364702464,1.03641087465509,0.841729130790331,0.800087051422198,1.13655507171061,1.03554714242702,945.969898329702,1301.3417064556,-3626,-1453,77.2997140106706,81.1549802983397,0,-670,0.00238224028726083,0.00239369087853281,0,-5.38951039217665e-05,0.00158480922468989,0.00194596935878299,0,9.63165325610962e-05,0.361128114238564,0.366593280814433,0,-1,0.547458242556282,0.580328349823594,-1,-0.666666666666667
svc_filter_full_factorial,0.25,0.25,0,2,-82,-419,-2.02869866402771,-1.3097024256064,2.43549704114874,0.576712726010157,0.971215451715913,1.04134976751299,0.827899819741533,0.801527790286762,1.12305427018878,1.04550618276829,794.974756942601,1352.91875018024,-2,-2624.16666666667,58.1993492488505,55.725129896889,-566,0,0.00240530707320273,0.00233859214180251,0,-5.51045882616101e-05,0.00161339432441998,0.00191410359610859,0,-6.08563600058156e-05,0.209175948984282,0.269710619392423,-1,0,0.467922469371745,0.607207609455706,-1,-0.833333333333333
svc_filter_full_factorial,0.25,0.25,0,3,-70,-474,-1.73267326732673,-1.48157409433314,2.42621249000382,0.585587817607635,0.971112862316378,1.07819111331045,0.851143209557832,0.820129494747503,1.15700880195606,1.07255451545347,679.148977150142,1470.66445301202,0,0,40.3509445778705,95.6115479453176,-2,0,0.0024672472793379,0.00244295223404421,0,0,0.00159414484276475,0.00194117321775799,0.000251889168765743,9.40114911217451e-07,0.286912276192799,0.272190915128661,-1,0,0.435231930960086,0.578836890151455,0,0
svc_filter_full_factorial,0.25,0.25,0,4,-56,-541,-1.38613861386139,-1.69104776194049,2.41896627297157,0.584304426968689,0.948176797581104,1.07446314510014,0.841319464944734,0.820763692519875,1.13928545018175,1.07250349981996,881.439442088913,1413.50955373963,-2837.66666666667,-3148.45454545455,53.6172734858479,79.2287307549616,0,-151.833333333333,0.00244129456920844,0.00238497365702324,0,-0.000618802644224729,0.00164744616624339,0.00197513643598037,0,-0.00012126751919451,0.280737207603637,0.293423111691697,0,-0.333333333333333,0.447280410841974,0.580989325051156,-1,-0.909090909090909
svc_filter_full_factorial,0.25,0.25,0,5,-52,-399,-1.28712871287129,-1.24699190549114,2.4068078003882,0.565991840660896,0.909385761242246,1.01209809999414,0.835571819920683,0.793350500879706,1.12911303380961,1.02297621223324,1244.57170519971,1284.186835992,-2266,-2980.33333333333,101.592908519397,91.2022239494139,-564,0,0.00239051645620075,0.00233627177097017,0,-0.000108167554165413,0.00156873167113435,0.00189774702948253,0.00150451354062187,-9.13909338725805e-05,0.332504437391817,0.336323404241789,-1,0,0.545837581464156,0.586381721794973,-1,-1
svc_filter_full_factorial,0.25,0.25,0,6,-58,-472,-1.43493320138545,-1.47541496045763,2.41133605456268,0.568683229629768,0.918631930445243,1.02668874547835,0.831081954051076,0.804600687886462,1.12236602721172,1.04627420653517,815.866007491604,1497.77684959632,-1765.33333333333,-2884.2,63.8768246837705,62.9178733066,0,0,0.00244268274918896,0.00243202931932707,0,0,0.00153859724446256,0.00196368876556005,0.000251004016064257,0.000512311351757536,0.258441380287801,0.327984841914393,0,0,0.477487621630931,0.61785638334766,-1,-0.8
svc_filter_full_factorial,0.25,0.25,0,7,-36,-442,-0.891089108910891,-1.38142267783473,2.40964528886659,0.564541841414497,0.918974150273482,1.01509342038249,0.824492330431972,0.794786798382306,1.11078431443766,1.02974501837662,855.443241517255,1423.95445323257,-1092,-3728.85714285714,77.5563354633267,74.4089761047479,0,0,0.00240694568814178,0.00236293175113513,0,-4.15713768820383e-05,0.0015019385225416,0.00185980794866703,0.00024975024975025,-0.00012370223783202,0.299583210050909,0.35656151482925,0,0,0.549100515712358,0.586580244603989,-1,-1
svc_filter_full_factorial,0.25,0.25,0,8,-62,-466,-1.53465346534653,-1.45661415353838,2.42141139724802,0.578384055529496,0.93775773190201,1.04709016473413,0.848588861166895,0.806364923015579,1.14871729547898,1.04759988642987,959.060394877993,1324.66181641828,-1,-2953.28571428571,137.913663826068,91.6695476218982,-602,0,0.0023492804848434,0.00245202500984605,0,0,0.00155040093101828,0.00196122245046922,3.85785184853324e-06,6.66739513654662e-05,0.380636949634,0.358528132696727,-1,0,0.529953176182151,0.591855743560138,-1,-0.714285714285714
svc_filter_full_factorial,0.25,0.25,0,9,-48,-452,-1.18811881188119,-1.41276489341752,2.4246617874681,0.580590361082518,0.941137840126198,1.04916007842078,0.842654612083887,0.806803865666052,1.14534331594407,1.05177526680986,1136.90529358097,1279.4525234331,-1083,-1431.75,69.307143101508,91.5652159253153,0,0,0.00241191790342737,0.00236195289926526,0,0,0.00152525834652762,0.0019196897751318,0.000250501002004008,0.000192014158764083,0.275735911263086,0.346045117548443,0,0,0.540134245682633,0.590179536529799,-1,-0.5
svc_filter_full_factorial,0.25,0.25,0,10,-56,-398,-1.38579559514972,-1.24417768607959,2.42619468226577,0.582235446607651,0.946845666137616,1.06197554303092,0.848745144559971,0.823270346978916,1.14781911803795,1.07689995754577,1316.26094730524,1487.64138308568,0,-3760.75,42.0221272075118,90.9544554013563,0,0,0.00241569824514117,0.00239856373946153,0,0,0.00153599846215633,0.00194599418231931,0.000250941028858218,9.65391126410428e-05,0.254995145187453,0.323572532041282,0,0,0.583643893388169,0.598318301747685,0,-1
svc_filter_full_factorial,0.25,0.25,1,1,-61,-369,-1.50952734471665,-1.15326915864483,2.42725420347209,0.580721556196773,0.968057821966872,1.05471314416071,0.844470233326206,0.810449042550092,1.14140152482731,1.05240324014911,1291.68078602895,1401.56377931099,-4583,-2995.16666666667,32.0748386664718,127.269299715595,-53.7330508474576,-478,0.00242738581793051,0.00235255424305309,0,0,0.00179381583573295,0.00188825783901116,0,0.000413229081149609,0.188743181375414,0.317041411363279,-0.362994350282486,-1,0.54147228660807,0.605243425825194,-1,-0.833333333333333
svc_filter_full_factorial,0.25,0.25,1,2,-71,-399,-1.75699084385053,-1.24695293455841,2.43645820371785,0.588520606063963,0.990056304560582,1.07669761808489,0.853907494838538,0.824491845394211,1.16536521235182,1.07979566764798,906.402684989429,1358.23338958717,0,-2102.42857142857,77.8271220458858,72.8100188252998,0,0,0.00248112464289696,0.00243154917053847,0,-6.8970273811987e-05,0.0018664002214309,0.00189610830603502,0,0.000129348609304696,0.240627123020414,0.245118145291044,0,0,0.532853115876372,0.599936201520918,0,-0.857142857142857
svc_filter_full_factorial,0.25,0.25,1,3,-88,-405,-2.17767879237812,-1.26582278481013,2.42966311096842,0.578404790971131,0.970864474250712,1.05806839063882,0.843129032055455,0.817265936647546,1.14109678455141,1.06353745767577,776.370401642183,1431.47073151884,-1671,-626,35.3864722727902,85.99314973173,0,-480,0.00252924359628408,0.00234438064183161,0,-1.80404466814598e-05,0.00191267721978869,0.00193197269052701,0.000252972426005565,9.65695761757646e-05,0.122217963867863,0.328643846274046,0,-1,0.508465146702889,0.608426549947135,-1,-0.75
svc_filter_full_factorial,0.25,0.25,1,4,-82,-471,-2.02970297029703,-1.47205900737592,2.44234580279531,0.59514459193298,1.00756531989017,1.10305509703618,0.852588058224099,0.839841936621957,1.16335890113906,1.10907954507011,1106.64240968215,1401.4130404426,-4637,-3017.8,84.6289728823444,94.4225085285327,0,-615,0.00250001694882983,0.00244648011265109,0,-4.38308130615823e-05,0.00195841573967437,0.00199110049871937,0.000252652854977261,0.000192659887402658,0.190666763862565,0.358521734047521,0,-1,0.541805864110614,0.613627803159318,-1,-1
svc_filter_full_factorial,0.25,0.25,1,5,-62,-404,-1.53427369463004,-1.26265783222903,2.43012951825782,0.575851775028147,0.9551582452231,1.04264771292129,0.85010013302655,0.809243584637866,1.15438944244583,1.05388569916327,797.611749901761,1359.31385436586,-3780,-3683.83333333333,67.2942058076768,55.4552232544475,-591,0,0.00240175852522584,0.00234296155008619,0,-0.000169296952655567,0.00175221383846186,0.00190658689635688,0,6.57052250548791e-05,0.225382146968665,0.392525918586927,-1,0,0.481297645840031,0.582801014899669,-1,-1
svc_filter_full_factorial,0.25,0.25,1,6,-47,-401,-1.16307844592923,-1.25359509816181,2.41025440007893,0.570461655147351,0.908422101011959,1.01828141953824,0.828101676013747,0.801731289197359,1.10858613882651,1.03225471775704,860.822979038505,1349.68757792518,-3375,-138.333333333333,72.7729252440761,71.9392070908854,-1,0,0.00239031654061646,0.00236961964774383,0,0,0.00173913300907464,0.00186971280655494,0,-3.0467981988006e-05,0.276448930755333,0.330274519693968,-1,0,0.523339029391661,0.583517002864291,-1,-0.333333333333333
svc_filter_full_factorial,0.25,0.25,1,7,-48,-432,-1.18782479584261,-1.3503375843961,2.4131790461752,0.569292072277083,0.921146346472089,1.02653891687084,0.84384297048263,0.799803039319414,1.14538802371436,1.04097770812726,1171.87971821794,1348.8982366287,-1078,-2205.28571428571,90.4422142888834,58.1307735400777,-0.5,-307.5,0.0023981254868973,0.00240128034954477,0,-4.39348007556786e-05,0.00179471468021758,0.00188142029080569,0.000250438266967193,-2.86906327342292e-05,0.331794809631559,0.318762425607094,-0.5,-0.5,0.523451871068798,0.594026663201064,-1,-0.714285714285714
svc_filter_full_factorial,0.25,0.25,1,8,-70,-456,-1.73224449393714,-1.42544545170366,2.42983509781658,0.580360319462336,0.970603828547892,1.05939434861407,0.856011743632054,0.817147671522036,1.17027716907868,1.0671129216212,895.800479044838,1455.96141008162,0,-2263.09090909091,31.9506599278611,73.7922814579911,0,0,0.00243048796209559,0.00242574888474644,0,-4.22692055761293e-05,0.0018651764811787,0.00196132270197807,0,-9.01630303898205e-05,0.177942212013308,0.356786111375866,0,0,0.582576957982332,0.616960068811113,0,-0.636363636363636
svc_filter_full_factorial,0.25,0.25,1,9,-65,-497,-1.60811479465611,-1.55351337834459,2.43615242939612,0.583005577659809,0.985025097538163,1.06872002023415,0.853342435162959,0.823498154412572,1.16246069867353,1.07841409179981,1163.78605593373,1359.83487284702,-1711,-3272.81818181818,79.3296826978068,109.818281339282,-0.666666666666667,0,0.00248177784800059,0.00241235723932119,0,-1.4333218667584e-05,0.00183670812235022,0.00199019687183183,0,-8.98273862004158e-05,0.220969949521229,0.341719090638921,-0.333333333333333,0,0.573284854680204,0.589298190778848,-1,-0.909090909090909
svc_filter_full_factorial,0.25,0.25,1,10,-55,-405,-1.36071251855517,-1.26586234919047,2.42659581532756,0.578982517354955,0.955531190268397,1.0490957496159,0.863401318578181,0.813211348689026,1.17099166013972,1.05427297603948,1264.48941473929,1526.64165830349,-1,-2516.4,37.1570693133939,85.574572646364,-46,-163.5,0.00237408065436353,0.00242465292808188,0,0,0.00174301600893994,0.00191304636321355,0,2.0036442261396e-06,0.242014445235693,0.312095322285612,-1,-0.5,0.600732181198188,0.621337732441769,-1,-0.6
svc_filter_full_factorial,0.25,0.5,0,1,-76,-375,-1.88118811881188,-1.17205813408345,2.43014510026067,0.575537563350228,0.97778722891517,1.05073714249358,0.827145447224253,0.806460779731705,1.12377153687432,1.05881151951874,843.360461316309,1390.17883974593,-1,-1335.16666666667,47.5145695308272,75.6932703912174,0,0,0.00246268219658955,0.00237569981950973,0,0,0.00168977619302702,0.00189326715606582,0,-9.26526411117961e-05,0.181253152837316,0.292529934198993,0,0,0.448571211430309,0.597040815336023,-1,-0.833333333333333
svc_filter_full_factorial,0.25,0.5,0,2,-75,-564,-1.85597624350408,-1.7629407351838,2.42499560329503,0.578822113629626,0.948616416598767,1.05484450583849,0.845770503350634,0.815895345912769,1.15036359864398,1.07042490205193,1085.95806601772,1378.40342762136,-3714,-2815.45454545455,48.0268639019029,88.0291123292856,0,0,0.002378474854898,0.00236960265306257,0,-0.000286000286000286,0.0016009941114213,0.00198198301376241,-0.000247463499133878,0.000165264206467806,0.207947249696339,0.344040972739342,0,0,0.570812668269035,0.59021698610102,-1,-1
svc_filter_full_factorial,0.25,0.5,0,3,-66,-548,-1.6340678385739,-1.71276761994062,2.41843896661354,0.582531205214852,0.928451872773101,1.05586193961974,0.847939353803187,0.810882317458711,1.15460517153989,1.05818056430668,1224.70274711875,1375.62819169527,-2289.33333333333,-3125.66666666667,74.7094828436697,79.1470508726954,-4,-113.75,0.00246429264670974,0.0024290053915103,0,0,0.00171659157101008,0.00202612813372479,-0.000239360172374222,0.000351428849448221,0.226791806373792,0.264502976343105,-1,-0.25,0.594147609292473,0.575911149781926,-0.666666666666667,-0.666666666666667
svc_filter_full_factorial,0.25,0.5,0,4,-57,-364,-1.41019297377536,-1.13774888256806,2.40211271222613,0.566953258066917,0.883154379343734,1.01883659720055,0.829777605803645,0.795348967998224,1.11950944822075,1.02900865052472,1307.16766883513,1390.3620739942,-479,-3397.25,76.096754413665,83.5384304631049,0,0,0.00246140351275403,0.00234610236965993,0,0,0.00162485997574268,0.00188039611648379,0,1.43886797883974e-06,0.320199156808893,0.378757053339079,0,0,0.542390875244442,0.600547157233086,-1,-1
svc_filter_full_factorial,0.25,0.5,0,5,-78,-445,-1.93021529324425,-1.39092926577689,2.42011299612278,0.574161316623975,0.954662278731968,1.05052817726684,0.840792862926155,0.802316513647577,1.15144828644139,1.05496104621908,971.982151648182,1403.95326571377,-2100.5,-2851.6,53.6385049962785,62.9013010315685,0,0,0.00234279308410367,0.00234117103813691,0,-3.04730041497393e-05,0.00158467397776848,0.00194574258414202,0,0.000255786308586562,0.239880147380979,0.290007705426737,0,0,0.535294349416487,0.617188956389156,-1,-0.8
svc_filter_full_factorial,0.25,0.5,0,6,-59,-464,-1.46003464488988,-1.45054395398274,2.40965705816363,0.573069948963158,0.931444873555456,1.03997521268934,0.830677945631167,0.803623968509736,1.12509472361283,1.04426337857591,970.47000839024,1361.1484304491,0,-1430,53.1975599254849,91.0038366595885,0,0,0.00244776576633917,0.00232888886531635,0,0,0.00159535193447811,0.0019051778886296,0.00251496744009264,0.000288717741301192,0.234219341870304,0.33558651065083,0,0,0.552495233242151,0.592883308796768,0,-0.571428571428571
svc_filter_full_factorial,0.25,0.5,0,7,-69,-430,-1.70792079207921,-1.34400200037507,2.41743036050876,0.573174095395156,0.930686556530544,1.03459685787801,0.825800915652129,0.794882598383318,1.11575526487943,1.02555972671511,982.907039663777,1403.48197921076,-1307.66666666667,-3852.66666666667,73.5183993578032,64.171664855358,0,0,0.00242911546311295,0.00239503610244722,-0.000231481481481481,0,0.00163475492754731,0.00190212363372864,-0.000742574257425743,0.000159685719807732,0.27676565729176,0.288470936504083,0,0,0.497827566444588,0.595650613837896,-0.666666666666667,-1
svc_filter_full_factorial,0.25,0.5,0,8,-87,-429,-2.15293244246474,-1.34070879429964,2.42563524604749,0.584865625559487,0.951814530116008,1.06823770658637,0.843663702209129,0.819921190604736,1.15406905765568,1.07662515311996,1060.48534013787,1342.39346456949,-5,-3172.44444444444,70.1726436549422,59.7449959507197,0,0,0.00248432329724717,0.00241736964980838,0,0,0.00172458489541377,0.00196645231419615,0.000252908447142135,6.71755136838978e-05,0.288831741803842,0.311434018345125,0,0,0.534095074069316,0.613604423125431,-1,-0.888888888888889
svc_filter_full_factorial,0.25,0.5,0,9,-58,-456,-1.43564356435644,-1.4253117869534,2.41822479079342,0.577991959449667,0.925200219610513,1.0427770782626,0.844015777521435,0.80751431590339,1.13328621940075,1.04302140215089,1045.14997414347,1413.98085970546,-1980,-1734.88888888889,62.191975745275,77.8730663501316,0,0,0.00231826165130992,0.00243325857479191,0,-1.47852443261625e-05,0.00159326820211696,0.00191834068447586,-0.000247524752475248,-9.10588178702538e-05,0.288038362310636,0.385109197801824,0,0,0.533385656045766,0.603889904327347,-1,-0.666666666666667
svc_filter_full_factorial,0.25,0.5,0,10,-75,-440,-1.85689527110671,-1.37487110583383,2.42287232138026,0.580933495426162,0.939711938291138,1.05908702756166,0.839307475420321,0.811563088424511,1.13759488950688,1.05766452841528,838.49097915292,1394.18163924616,0,-2573.66666666667,47.7836797644363,91.5936568658425,0,0,0.00245264020550679,0.00238529371604196,0,-1.32796834123475e-05,0.00164402194432727,0.00192852240172116,0.000256954831662731,9.76615741960533e-05,0.27558107706134,0.384082869823251,0,0,0.560564247843951,0.607686268124087,0,-1
svc_filter_full_factorial,0.25,0.5,1,1,-62,-404,-1.53389411182583,-1.26277623230082,2.43112822704282,0.583659424348372,0.964047115028678,1.06190863835543,0.837847249075199,0.809810862192403,1.14024297020342,1.06161769739006,957.52910662185,1397.42152833947,-1,-2570.66666666667,42.9345855054977,120.795880333493,-2,-456,0.00243814959995822,0.00236915789975822,0,-1.47793443882829e-05,0.00187854539763846,0.00192560697932164,-0.00024740227610094,9.73682792724698e-05,0.197980878899777,0.371993794969126,-1,-1,0.524201558598319,0.615034943642186,-1,-0.833333333333333
svc_filter_full_factorial,0.25,0.5,1,2,-61,-334,-1.50952734471665,-1.04391311142366,2.42270187809476,0.575280320117108,0.930746127495756,1.02845166981487,0.830932723351965,0.80339844467417,1.10797868242145,1.0293640364804,1419.11894346431,1486.95303854448,-3055,-2579.4,50.3675529549337,92.3932742394135,0,-228,0.00243674412568,0.00239624274009286,0,-7.84227650083567e-05,0.00178104102631152,0.00184589350932182,0,-2.99360204803644e-05,0.198285156030755,0.395610009556312,0,-0.5,0.646576116011762,0.589265262539581,-1,-0.8
svc_filter_full_factorial,0.25,0.5,1,3,-69,-488,-1.70792079207921,-1.52514298215458,2.42039316694291,0.573259670777314,0.961013677447371,1.04583125951996,0.851689722410646,0.807632500602475,1.16295245097152,1.0584183804899,1273.81861938862,1360.85494056829,-2344,-1887.4,22.3974098396166,117.241532437929,0,-456,0.0024195091324461,0.0023954676588285,0,-1.47675586272078e-05,0.00184012250477378,0.00194863498937517,-0.000243223768360216,2.42017039917895e-06,0.131208976011657,0.434632183156201,0,-1,0.571078257744924,0.593409744381528,-0.5,-0.8
svc_filter_full_factorial,0.25,0.5,1,4,-76,-445,-1.88025729836715,-1.39092926577689,2.40334685057606,0.574804934997986,0.936178104193727,1.05067400607926,0.844919127714371,0.813327580932666,1.15050055405372,1.06285643768857,1294.06687485292,1379.30060316988,-4677,-2589.55555555556,50.1306732390465,58.5972911764674,0,0,0.00244023051539165,0.00239865461857873,0,-2.72381582144543e-05,0.00186188239389935,0.00191363826530447,0,0.000162456689296308,0.215946224158554,0.340842785449233,0,0,0.53058269378212,0.584056606560676,-1,-0.666666666666667
svc_filter_full_factorial,0.25,0.5,1,5,-80,-486,-1.97921820880752,-1.51893986748344,2.41908007241176,0.565881245081689,0.937573911227133,1.01945277314445,0.831477085898217,0.794330036765521,1.12007894708267,1.02640062489215,1187.37726096263,1397.82038198447,0,-3250.28571428571,28.1119330793852,98.4175589399144,-21,-160,0.0023809132863344,0.00241393835890863,0,-0.000188718036713889,0.00192579571302617,0.00194150772327396,0,0.00013031817806169,0.153416192454201,0.328657887843656,-1,-0.333333333333333,0.58497805824389,0.591543533792251,0,-0.857142857142857
svc_filter_full_factorial,0.25,0.5,1,6,-61,-488,-1.50915388421573,-1.52523831848726,2.42108351586039,0.57305898169972,0.939865211965179,1.03633853260324,0.825534257682633,0.80142515276908,1.1132035466049,1.0394828926859,1318.02119027713,1336.55108024217,-546.5,-1725.83333333333,64.8245855046538,59.4021289616676,0,0,0.00233196285880169,0.00236968465487545,0,-2.55251805906527e-05,0.00177933338328788,0.00192708516170846,0,6.63825276639869e-05,0.164667107412305,0.275312761071058,0,0,0.617559550108644,0.602928082675717,-1,-0.5
svc_filter_full_factorial,0.25,0.5,1,7,-61,-480,-1.50990099009901,-1.50032819679305,2.42315081266856,0.580681246774181,0.95846021891608,1.05803957494199,0.850511903832623,0.81339138126942,1.16067896597513,1.06550213139369,1417.16624807456,1346.43347033481,-1307.5,-2852.77777777778,24.1210947584185,78.4739560209346,0,0,0.00234932579096419,0.00243230714284975,0,-5.82159639721303e-05,0.00187330908155114,0.00196143516938177,0,0.000162949561695534,0.156430592517517,0.27527408263386,0,0,0.600344174638214,0.587716752791907,-1,-1
svc_filter_full_factorial,0.25,0.5,1,8,-58,-427,-1.43528829497649,-1.33479212253829,2.40152305142913,0.566599516878948,0.89581797742657,1.01562559978052,0.833227709030058,0.802797206991048,1.12048484767746,1.03696189049479,1166.56325100312,1276.97890501075,0,-3108,63.4970319057516,77.7786648351244,0,0,0.00234966742550269,0.00237429804930572,0,0,0.00177708532681635,0.0018798031017668,0.000251067034898318,2.96028414845483e-06,0.199523608649172,0.335665508443381,0,0,0.630180990575557,0.606010117363307,0,-1
svc_filter_full_factorial,0.25,0.5,1,9,-59,-441,-1.45967342899555,-1.37864199074653,2.41198717175996,0.574295294040258,0.923384155894253,1.04072413719334,0.835685022588473,0.808199390561937,1.12381762945528,1.04623291978829,1066.87508176613,1349.78186754603,0,-1484.66666666667,23.2790809889919,96.1210867589547,0,-152,0.00250320778470145,0.00236024322693893,0,-7.84345790269953e-05,0.0018128526113284,0.00191767418655575,0,0.000254900917986572,0.167989623765025,0.403773473768217,0,-0.333333333333333,0.560615633557381,0.588268572882489,0,-0.666666666666667
svc_filter_full_factorial,0.25,0.5,1,10,-71,-421,-1.75699084385053,-1.31583059853102,2.42310790977631,0.578311033266927,0.939720599034033,1.0502475746528,0.842200843659297,0.810492199543856,1.13868511906495,1.05250917853856,1000.15607633582,1456.73685557316,-3744,-643.6,32.6668633874352,68.806221781722,-1,-305.5,0.00238508659151806,0.00235486232014285,0,0,0.00181405896275424,0.00189143628959036,0.000755667506297229,0.000477158153225013,0.308749211785647,0.268642914071994,-1,-1,0.502591152499127,0.60133962018451,-1,-0.6
svc_filter_full_factorial,0.25,1,0,1,-97,-463,-2.4009900990099,-1.44732728977806,2.42925032408516,0.585995917432005,0.974236682263968,1.07592116727892,0.835993416064609,0.819699729639282,1.12758793753651,1.06970270187608,1220.68859307967,1438.15900297368,-989.5,-1879.11111111111,44.0564897247952,86.0485978614145,-2,0,0.0024900026279655,0.00238292590596002,0,-1.32796834123475e-05,0.0018124532653427,0.00195280927996066,-0.000495049504950495,4.1316793884615e-06,0.300387740345899,0.397881687782745,-1,0,0.550108084136128,0.597231559783601,-0.5,-0.666666666666667
svc_filter_full_factorial,0.25,1,0,2,-78,-459,-1.93069306930693,-1.43477853146197,2.39518163709241,0.564079487294002,0.920045917412346,1.02752703420286,0.826541137139508,0.792434314128657,1.12765982108202,1.03479487578408,925.843433897295,1416.07725262768,-1561.33333333333,-2069,85.3322085791331,68.1849632472103,-1,-271,0.00246659572412167,0.0023356871365997,0,-0.000105820105820106,0.00170925487453833,0.00190688209151747,0,0.000224726839778248,0.417744083343322,0.35833671909643,-1,-1,0.528917162038577,0.621111583591384,-1,-0.833333333333333
svc_filter_full_factorial,0.25,1,0,3,-47,-373,-1.16307844592923,-1.16595292425995,2.4122787656993,0.572147241432282,0.898282389759341,1.02962411793179,0.836609135414125,0.801242504671329,1.12696911939981,1.03616732060883,1340.1457083639,1357.34285450757,0,-2860.57142857143,31.3587246336036,82.3691209682562,0,0,0.00239396601647536,0.00237596176173415,0,-0.000110914823117805,0.00158481538533525,0.00185471236510171,0.000250375563345017,9.74639985039597e-05,0.227866760858862,0.337007552426694,0,0,0.56229439445352,0.623340847910889,0,-1
svc_filter_full_factorial,0.25,1,0,4,-87,-418,-2.15186742517932,-1.30661748616798,2.42814265567129,0.581167324820084,0.961479487459225,1.06373425238237,0.833541953690369,0.813895371788196,1.13161192888526,1.07003782483154,942.038675892773,1430.1420637191,-1214.5,-2812.28571428571,48.5709159559722,76.8677461829205,0,-228,0.00247688260754589,0.00234138838332612,0,0,0.00171246670768023,0.00188911956372111,0,2.89688100692869e-06,0.210190726685266,0.245327647698624,0,-0.5,0.546310314352938,0.612537483889819,-1,-0.857142857142857
svc_filter_full_factorial,0.25,1,0,5,-66,-400,-1.63366336633663,-1.25035166140477,2.41760535038736,0.573804522526501,0.941213217870359,1.04389479988878,0.845780740754295,0.806848425668901,1.15734920244758,1.05896338488587,801.65332782329,1583.01042419508,-2597,-2608.66666666667,115.463263085279,140.966602200303,-4,-884,0.00239650863322972,0.00236367132873926,0,-3.90686044694484e-05,0.00160377478205851,0.00189120061222808,0.000251635631605435,-2.92798233774085e-05,0.321677438388314,0.377425841710709,-1,-1,0.452970948903616,0.613380355821138,-1,-0.666666666666667
svc_filter_full_factorial,0.25,1,0,6,-93,-469,-2.30084116773874,-1.46594567561654,2.42263589995884,0.573340437420931,0.954632847684752,1.03835098653499,0.841059736008682,0.80528865527101,1.14048698086452,1.04901247253453,1413.19108709714,1447.30195637439,-972,-2386.875,60.6885289295803,93.6662982811299,0,0,0.00234750877148616,0.00238710611343147,0,-2.55251805906527e-05,0.0017247235278524,0.00194382949846014,-0.000241575886716947,-2.80016605110607e-05,0.274929882970137,0.348033942475526,0,0,0.624722948041871,0.594607386405771,-1,-0.75
svc_filter_full_factorial,0.25,1,0,7,-94,-486,-2.32615689185845,-1.51908229925296,2.41226257522849,0.57210050812199,0.941029709055084,1.04303104893069,0.83000834063848,0.801543320212026,1.12749598714617,1.04419129990488,1368.03155335109,1389.98174551768,-2905,-2586,83.3752385557525,60.1487886143439,0,0,0.00243481923332517,0.00232372145916302,0,-3.025224350243e-05,0.00170538271629436,0.00190869030086279,1.17869617018417e-05,-2.73997077813576e-05,0.276670493293785,0.360389619002261,0,0,0.56474750875303,0.592073322312662,-1,-0.888888888888889
svc_filter_full_factorial,0.25,1,0,8,-63,-417,-1.55902004454343,-1.30320645040315,2.40542276199394,0.574454210240358,0.902403354807856,1.04617619276864,0.823799615023982,0.809708604557024,1.10922093633059,1.05718399215836,1325.3314919493,1458.57873954597,-3698,-2173,44.2241626464891,143.616604021783,0,-152,0.00252455009312335,0.00238744573484452,0,-1.47852443261625e-05,0.00176679890687051,0.00188573218844396,0.000251382604323781,-2.96013323669245e-05,0.265046878142053,0.344519809348642,0,-0.333333333333333,0.622293593696471,0.591552336167154,-1,-0.6
svc_filter_full_factorial,0.25,1,0,9,-105,-431,-2.59643916913947,-1.34742239034608,2.42359250590196,0.572275961869488,0.940205571973511,1.03372558875009,0.831949557623471,0.801432789521786,1.12466006271393,1.0421763928392,1245.36937341039,1360.57683120185,-241.5,-1740.28571428571,38.4242382860718,95.0310046315312,-1,-456,0.00236504163912777,0.00238427852716857,0,-1.47852443261625e-05,0.00170627555652737,0.0019139402264927,0.00101548616400102,0.000224816819854361,0.217297549524547,0.338115577663459,-1,-1,0.553284156879978,0.596215496620326,-1,-0.571428571428571
svc_filter_full_factorial,0.25,1,0,10,-95,-523,-2.35148514851485,-1.6345793224153,2.42167157562952,0.575096894702845,0.925432618887363,1.04049845145116,0.824446814020024,0.806064881831907,1.11244759548099,1.05139301776866,1121.8208183699,1442.30113397842,0,-3277.66666666667,55.2669739995772,101.782091812003,0,0,0.00242938888337144,0.00240587132350643,0,-1.56936597614564e-05,0.00171690261648893,0.00200247298898371,0.000760456273764259,0.000195313828965061,0.194469658430373,0.345650816336351,0,0,0.57560633867874,0.59916860611645,0,-0.888888888888889
svc_filter_full_factorial,0.25,1,1,1,-96,-428,-2.37741456166419,-1.33783445861465,2.43818563531692,0.580080900998258,0.97426384409699,1.05669996818318,0.852774148197687,0.815771199108628,1.16886185522009,1.07248097239783,1174.38979669436,1363.758574245,-1325.75,-2351.92307692308,67.0580879299214,63.2980531972009,0,0,0.00248592950338366,0.00239234295255933,0,0,0.00206255983750681,0.00192928816466166,-0.000736911064823296,0.000163918339868835,0.23114471949893,0.292965129667261,0,0,0.596671208009944,0.597672301863657,-0.5,-0.769230769230769
svc_filter_full_factorial,0.25,1,1,2,-105,-463,-2.59836674090572,-1.4472368092023,2.42840001105587,0.58077301121395,0.95567639528987,1.05738297682292,0.854290124754527,0.815990811085865,1.16650007263999,1.06537767202989,1106.19842214968,1502.36291674256,0,-3129.5,22.6546963696736,68.2095053004196,0,-239.5,0.00239104422830722,0.00234779738995121,0,-3.25902473422575e-05,0.00210978228567161,0.00193339651267271,0.000508130081300813,2.75410601516501e-06,0.117436833049028,0.302743714143266,0,-0.5,0.54831279351823,0.604030894466918,0,-1
svc_filter_full_factorial,0.25,1,1,3,-112,-412,-2.77159119029943,-1.28782195548887,2.42770697348198,0.584020500600163,0.958315474968332,1.06060395376223,0.839770597171434,0.815534609545739,1.13544733487974,1.06241182738222,1074.78136501699,1407.89965304889,-2822,-3002.8,28.7709853273501,79.1217964645017,-3,0,0.00243264982664534,0.00241308728700282,0,-1.32796834123475e-05,0.00205328181551439,0.00193654223806815,0.00203614151183507,0.000192032650341179,0.186933264373085,0.353345423575542,-1,0,0.585938413218096,0.605411489890623,-1,-0.8
svc_filter_full_factorial,0.25,1,1,4,-82,-338,-2.0292006928978,-1.05651412853213,2.39956204924801,0.568622220790517,0.906349570941887,1.02616004258905,0.839531291260059,0.797453117505471,1.13366235112198,1.02936834130182,1267.52897111958,1437.10808825084,-826.666666666667,-2049,31.9537697570757,92.8248053882131,0,0,0.00237603795579607,0.00231162422475472,0,-6.8970273811987e-05,0.00190041314619876,0.00183371750272257,0,3.35942012924726e-05,0.249625221856413,0.324238111807654,0,0,0.606088953913825,0.604281471888447,-0.666666666666667,-0.666666666666667
svc_filter_full_factorial,0.25,1,1,5,-82,-442,-2.0292006928978,-1.38150903294368,2.43052038252448,0.585999305006428,0.969359875085723,1.06968432553046,0.845822783165348,0.821705857312437,1.14791856211342,1.07599373947705,1442.76296415868,1399.58873931232,-3139,-2731.53846153846,25.0203430904402,50.9512847491065,0,0,0.00248675466247792,0.00235485614921381,-0.000124285359184688,-7.56720750197593e-05,0.00198426198983734,0.00191002656450893,-0.000247463499133878,-0.000121082778451994,0.199481050157151,0.213457607029,0,0,0.61298037955812,0.608945840665306,-1,-0.769230769230769
svc_filter_full_factorial,0.25,1,1,6,-87,-457,-2.15346534653465,-1.42834817940303,2.42308618245241,0.578394920380713,0.939748302407642,1.04950466324749,0.84046385993533,0.81072846265792,1.13488880796375,1.0485367745494,984.723819994426,1477.5208974273,-2606,-1940.85714285714,95.8814788712484,43.407511317485,0,0,0.00238451385225772,0.00240671241832997,0,-2.55251805906527e-05,0.00192203708088919,0.00193218664322534,0,-6.0245279581514e-05,0.288223876560843,0.377707193239104,0,0,0.53379832817509,0.610231639191929,-1,-0.571428571428571
svc_filter_full_factorial,0.25,1,1,7,-75,-410,-1.85597624350408,-1.28153033476073,2.41937140115346,0.570559050304442,0.930993873896919,1.02728066980057,0.842276899416272,0.804621972092878,1.13997870386625,1.04796704240257,1441.59219636573,1353.63615085187,-3640.5,-2476.66666666667,55.1971005992026,142.198272365274,0,-226,0.00240270955785681,0.00241426042424048,0,0,0.00190416351180429,0.00188268349057743,0.000504286434694907,-6.0890611402158e-05,0.275459918756014,0.325359738213999,0,-0.5,0.586541154923508,0.590686884538861,-1,-0.833333333333333
svc_filter_full_factorial,0.25,1,1,8,-75,-413,-1.85597624350408,-1.29078634829354,2.42002994269944,0.581442628639952,0.939191570698858,1.05379069258707,0.85550797903811,0.817230422265006,1.16069818968523,1.06159404815532,1267.17352542614,1419.66636509328,-239,-1429.33333333333,17.5155679173078,65.9813660024266,0,0,0.00239354924152247,0.00245592355377462,0,-1.32796834123475e-05,0.00194052707263213,0.00191529603685594,0.000252143217347453,0.000160765195861622,0.109229231598743,0.345972661130368,0,0,0.559653400172955,0.602224760719034,-0.5,-1
svc_filter_full_factorial,0.25,1,1,9,-86,-424,-2.12765957446809,-1.32524848409077,2.41677291961963,0.569138993400605,0.928262741567742,1.02228651958314,0.832081227857359,0.799187847945774,1.12317032941619,1.03162102042255,1493.62571025238,1460.9572691051,-4043,-2567.125,39.5609589749959,40.3409194458854,-0.5,0,0.00236813680072978,0.00236246400697744,0,-6.36375206821942e-05,0.00196430156721717,0.00192050202647823,5.37831035002042e-06,6.67095305266791e-05,0.370547690014903,0.269831678517401,-0.5,0,0.622014502860828,0.610268283149875,-1,-0.75
svc_filter_full_factorial,0.25,1,1,10,-90,-458,-2.2271714922049,-1.43156315444003,2.40279132960611,0.572146799120667,0.933509306294666,1.04549328490385,0.837336193631441,0.806199501417849,1.13395537323905,1.04622750204015,1322.08675741077,1379.77499082483,-4689,-1596.85714285714,30.7171340331328,75.6101317728134,0,-450,0.00250433781224519,0.00237921498593946,-0.000215331610680448,-1.47734491571747e-05,0.00198730466879892,0.00193813062531509,5.63698175703596e-06,6.65993157067006e-05,0.240761932259883,0.292715127860453,0,-1,0.589208077665428,0.602070956857431,-1,-0.714285714285714
